BehaviorSpace results (NetLogo 6.1.0),,,,,,,,,,,,,,,,,,,,,,,,,,,,,,,,,,,,,,,,
predator-prey-model-revised-17_03_2020-for_cheetah_vs_impala.nlogo,,,,,,,,,,,,,,,,,,,,,,,,,,,,,,,,,,,,,,,,
cheetah vs impala - acacia thicket,,,,,,,,,,,,,,,,,,,,,,,,,,,,,,,,,,,,,,,,
06/04/2020 11:53:01:752 +1000,,,,,,,,,,,,,,,,,,,,,,,,,,,,,,,,,,,,,,,,
min-pxcor,max-pxcor,min-pycor,max-pycor,,,,,,,,,,,,,,,,,,,,,,,,,,,,,,,,,,,,,
-200,200,-200,200,,,,,,,,,,,,,,,,,,,,,,,,,,,,,,,,,,,,,
[run number],prey-max-velocity,prey-agility,prey-acceleration,prey-deceleration,prey-vision-distance,prey-vision-angle,freeze-distance,flight-initiation-distance,prey-exhaustion-distance,time-to-turn,time-spent-circling,predator-max-velocity,predator-agility,predator-acceleration,predator-deceleration,predator-vision-distance,predator-vision-angle,predator-exhaustion-distance,kill-distance,obstacle-proportion,obstacle-radius,prey-obstacle-sensitivity,predator-obstacle-sensitivity,number-of-refuges,number-of-target-patches,[step],number-obstacles,count patches with [ pcolor = brown ] / count patches,prey-win,predator-win,detect-time,pursuit-time,sim-time,prey-escape-length,predator-pursuit-length,prey-curviness,predator-curviness,[ behaviour ] of one-of prey,[ behaviour ] of one-of predators,prey-detected
6,13.8,3.429,5.7,6.3,50,240,50,30,800,3,3,19.9,3.569,8.3,10.6,50,180,300,0.66,0.1,1.5,0.99,0.99,0,0,419,568,0.100005597,0,1,9.35,11.6,20.9,18.4679412,13.35757253,0.202848256,0.388783811,escape,pursue,1
3,13.8,3.429,5.7,6.3,50,240,50,30,800,3,3,19.9,3.569,8.3,10.6,50,180,300,0.66,0.1,1.5,0.99,0.99,0,0,18000,585,0.100005597,1,0,122.25,531,899.95,800.0195864,104.5472033,0.427313835,1.153975148,exhausted,search,1
5,13.8,3.429,5.7,6.3,50,240,50,30,800,3,3,19.9,3.569,8.3,10.6,50,180,300,0.66,0.1,1.5,0.99,0.99,0,0,18000,574,0.100005597,1,0,797.25,98.1,899.95,158.4020882,16.16555194,0.436755984,0.859951643,forage,search,1
4,13.8,3.429,5.7,6.3,50,240,50,30,800,3,3,19.9,3.569,8.3,10.6,50,180,300,0.66,0.1,1.5,0.99,0.99,0,0,18000,575,0.100005597,1,0,0,0,899.95,0,0,0,0,forage,search,0
7,13.8,3.429,5.7,6.3,50,240,50,30,800,3,3,19.9,3.569,8.3,10.6,50,180,300,0.66,0.1,1.5,0.99,0.99,0,0,18000,570,0.100005597,1,0,0,0,899.95,0,0,0,0,forage,search,0
8,13.8,3.429,5.7,6.3,50,240,50,30,800,3,3,19.9,3.569,8.3,10.6,50,180,300,0.66,0.1,1.5,0.99,0.99,0,0,18000,576,0.100005597,1,0,0,0,899.95,0,0,0,0,forage,search,0
1,13.8,3.429,5.7,6.3,50,240,50,30,800,3,3,19.9,3.569,8.3,10.6,50,180,300,0.66,0.1,1.5,0.99,0.99,0,0,18000,571,0.100005597,1,0,899.8,0,899.95,0,0,0,0,forage,search,1
9,13.8,3.429,5.7,6.3,50,240,50,30,800,3,3,19.9,3.569,8.3,10.6,50,180,300,0.66,0.1,1.5,0.99,0.99,0,0,18000,590,0.100005597,1,0,898.85,0,899.95,0,0,0,0,forage,search,1
10,13.8,3.429,5.7,6.3,50,240,50,30,800,3,3,19.9,3.569,8.3,10.6,50,180,300,0.66,0.1,1.5,0.99,0.99,0,0,18000,576,0.100005597,1,0,488.65,411.35,899.95,561.4741172,227.6505712,0.482025944,0.835628086,escape,pursue,1
2,13.8,3.429,5.7,6.3,50,240,50,30,800,3,3,19.9,3.569,8.3,10.6,50,180,300,0.66,0.1,1.5,0.99,0.99,0,0,18000,572,0.100005597,1,0,439.7,0,899.95,0,0,0,0,forage,search,1
14,13.8,3.429,5.7,6.3,50,240,50,30,800,3,3,19.9,3.569,8.3,10.6,50,180,300,0.66,0.1,1.5,0.99,0.99,0,0,2785,580,0.100005597,0,1,68.9,70.35,139.2,82.20655758,52.8477943,0.45804414,0.673597323,escape,pursue,1
19,13.8,3.429,5.7,6.3,50,240,50,30,800,3,3,19.9,3.569,8.3,10.6,50,180,300,0.66,0.1,1.5,0.99,0.99,0,0,1465,570,0.100005597,0,1,9.75,59.2,73.2,83.17084325,50.91730995,0.401898523,0.504421035,forage,search,1
13,13.8,3.429,5.7,6.3,50,240,50,30,800,3,3,19.9,3.569,8.3,10.6,50,180,300,0.66,0.1,1.5,0.99,0.99,0,0,7387,578,0.100005597,0,1,270.2,99.05,369.3,126.9428993,84.91912146,0.405683247,0.555617128,escape,pursue,1
17,13.8,3.429,5.7,6.3,50,240,50,30,800,3,3,19.9,3.569,8.3,10.6,50,180,300,0.66,0.1,1.5,0.99,0.99,0,0,14922,568,0.100005597,0,1,318.2,427.85,746.05,701.9118132,87.36346457,0.346068663,0.64062473,escape,pursue,1
12,13.8,3.429,5.7,6.3,50,240,50,30,800,3,3,19.9,3.569,8.3,10.6,50,180,300,0.66,0.1,1.5,0.99,0.99,0,0,14006,564,0.100005597,0,1,646.15,54.15,700.25,58.01295754,37.55217547,0.889925349,0.481311186,escape,pursue,1
18,13.8,3.429,5.7,6.3,50,240,50,30,800,3,3,19.9,3.569,8.3,10.6,50,180,300,0.66,0.1,1.5,0.99,0.99,0,0,18000,571,0.100005597,1,0,331.6,493.7,899.95,800.0067114,59.77489611,0.430641425,0.678134746,exhausted,search,1
11,13.8,3.429,5.7,6.3,50,240,50,30,800,3,3,19.9,3.569,8.3,10.6,50,180,300,0.66,0.1,1.5,0.99,0.99,0,0,18000,566,0.100005597,1,0,0,0,899.95,0,0,0,0,forage,search,0
22,13.8,3.429,5.7,6.3,50,240,50,30,800,3,3,19.9,3.569,8.3,10.6,50,180,300,0.66,0.1,1.5,0.99,0.99,0,0,4429,578,0.100005597,0,1,76.1,145.3,221.4,206.3369936,129.2148855,0.359618908,0.515891834,escape,pursue,1
24,13.8,3.429,5.7,6.3,50,240,50,30,800,3,3,19.9,3.569,8.3,10.6,50,180,300,0.66,0.1,1.5,0.99,0.99,0,0,774,583,0.100005597,0,1,17.2,21.5,38.65,32.02673526,21.6096664,0.261124086,0.422899579,escape,pursue,1
15,13.8,3.429,5.7,6.3,50,240,50,30,800,3,3,19.9,3.569,8.3,10.6,50,180,300,0.66,0.1,1.5,0.99,0.99,0,0,18000,573,0.100005597,1,0,0,0,899.95,0,0,0,0,forage,search,0
16,13.8,3.429,5.7,6.3,50,240,50,30,800,3,3,19.9,3.569,8.3,10.6,50,180,300,0.66,0.1,1.5,0.99,0.99,0,0,18000,572,0.100005597,1,0,0,0,899.95,0,0,0,0,forage,search,0
28,13.8,3.429,5.7,6.3,50,240,50,30,800,3,3,19.9,3.569,8.3,10.6,50,180,300,0.66,0.1,1.5,0.99,0.99,0,0,5905,575,0.100005597,0,1,41.95,253.3,295.2,354.4723917,236.9409205,0.391537877,0.513524527,escape,pursue,1
26,13.8,3.429,5.7,6.3,50,240,50,30,800,3,3,19.9,3.569,8.3,10.6,50,180,300,0.66,0.1,1.5,0.99,0.99,0,0,5050,566,0.100005597,0,1,208.55,43.95,252.45,48.30223708,47.69852798,0.5734751,0.396571612,escape,pursue,1
20,13.8,3.429,5.7,6.3,50,240,50,30,800,3,3,19.9,3.569,8.3,10.6,50,180,300,0.66,0.1,1.5,0.99,0.99,0,0,18000,572,0.100005597,1,0,0,0,899.95,0,0,0,0,forage,search,0
27,13.8,3.429,5.7,6.3,50,240,50,30,800,3,3,19.9,3.569,8.3,10.6,50,180,300,0.66,0.1,1.5,0.99,0.99,0,0,9267,576,0.100005597,0,1,130,229.2,463.3,379.050454,139.7236687,0.297395204,0.525192569,escape,pursue,1
31,13.8,3.429,5.7,6.3,50,240,50,30,800,3,3,19.9,3.569,8.3,10.6,50,180,300,0.66,0.1,1.5,0.99,0.99,0,0,1407,574,0.100005597,0,1,29,41.35,70.3,57.19284269,37.44664244,0.60850025,0.471141807,escape,pursue,1
23,13.8,3.429,5.7,6.3,50,240,50,30,800,3,3,19.9,3.569,8.3,10.6,50,180,300,0.66,0.1,1.5,0.99,0.99,0,0,18000,564,0.100005597,1,0,0,0,899.95,0,0,0,0,forage,search,0
30,13.8,3.429,5.7,6.3,50,240,50,30,800,3,3,19.9,3.569,8.3,10.6,50,180,300,0.66,0.1,1.5,0.99,0.99,0,0,6016,582,0.100005597,0,1,196.75,104.05,300.75,185.7846143,110.877978,0.274155534,0.412784924,escape,pursue,1
21,13.8,3.429,5.7,6.3,50,240,50,30,800,3,3,19.9,3.569,8.3,10.6,50,180,300,0.66,0.1,1.5,0.99,0.99,0,0,17263,582,0.100005597,0,1,846.9,16.25,863.1,35.88149945,16.50195391,0.268925525,0.404367096,escape,pursue,1
25,13.8,3.429,5.7,6.3,50,240,50,30,800,3,3,19.9,3.569,8.3,10.6,50,180,300,0.66,0.1,1.5,0.99,0.99,0,0,18000,583,0.100005597,1,0,0,0,899.95,0,0,0,0,forage,search,0
35,13.8,3.429,5.7,6.3,50,240,50,30,800,3,3,19.9,3.569,8.3,10.6,50,180,300,0.66,0.1,1.5,0.99,0.99,0,0,5617,567,0.100005597,0,1,87.15,193.65,280.8,323.6866434,179.2288716,0.264124816,0.554270964,escape,pursue,1
32,13.8,3.429,5.7,6.3,50,240,50,30,800,3,3,19.9,3.569,8.3,10.6,50,180,300,0.66,0.1,1.5,0.99,0.99,0,0,17107,580,0.100005597,0,1,294.3,549.9,855.3,800.1526881,170.9547745,0.419535937,0.687716721,exhausted,pursue,1
29,13.8,3.429,5.7,6.3,50,240,50,30,800,3,3,19.9,3.569,8.3,10.6,50,180,300,0.66,0.1,1.5,0.99,0.99,0,0,18000,577,0.100005597,1,0,0,0,899.95,0,0,0,0,forage,search,0
37,13.8,3.429,5.7,6.3,50,240,50,30,800,3,3,19.9,3.569,8.3,10.6,50,180,300,0.66,0.1,1.5,0.99,0.99,0,0,11208,587,0.100005597,0,1,377.8,182.6,560.35,252.8372105,155.2063022,0.554611273,0.53169744,circle,stalk,1
33,13.8,3.429,5.7,6.3,50,240,50,30,800,3,3,19.9,3.569,8.3,10.6,50,180,300,0.66,0.1,1.5,0.99,0.99,0,0,18000,579,0.100005597,1,0,899,0,899.95,0,0,0,0,forage,search,1
34,13.8,3.429,5.7,6.3,50,240,50,30,800,3,3,19.9,3.569,8.3,10.6,50,180,300,0.66,0.1,1.5,0.99,0.99,0,0,18000,573,0.100005597,1,0,0,0,899.95,0,0,0,0,forage,search,0
42,13.8,3.429,5.7,6.3,50,240,50,30,800,3,3,19.9,3.569,8.3,10.6,50,180,300,0.66,0.1,1.5,0.99,0.99,0,0,9599,574,0.100005597,0,1,43.75,386.55,479.9,563.5328388,228.945595,0.384632542,0.602558098,escape,pursue,1
36,13.8,3.429,5.7,6.3,50,240,50,30,800,3,3,19.9,3.569,8.3,10.6,50,180,300,0.66,0.1,1.5,0.99,0.99,0,0,18000,578,0.100005597,1,0,0,0,899.95,0,0,0,0,forage,search,0
39,13.8,3.429,5.7,6.3,50,240,50,30,800,3,3,19.9,3.569,8.3,10.6,50,180,300,0.66,0.1,1.5,0.99,0.99,0,0,18000,569,0.100005597,1,0,662.45,237.55,899.95,350.5003983,143.8260092,0.375481383,0.673904388,escape,pursue,1
38,13.8,3.429,5.7,6.3,50,240,50,30,800,3,3,19.9,3.569,8.3,10.6,50,180,300,0.66,0.1,1.5,0.99,0.99,0,0,13774,569,0.100005597,0,1,600.15,88.55,688.65,131.3428672,58.79804402,0.38988889,0.775913256,escape,search,1
44,13.8,3.429,5.7,6.3,50,240,50,30,800,3,3,19.9,3.569,8.3,10.6,50,180,300,0.66,0.1,1.5,0.99,0.99,0,0,4965,562,0.100005597,0,1,22.9,225.3,248.2,334.654922,176.3725696,0.357905119,0.646557722,escape,pursue,1
40,13.8,3.429,5.7,6.3,50,240,50,30,800,3,3,19.9,3.569,8.3,10.6,50,180,300,0.66,0.1,1.5,0.99,0.99,0,0,18000,563,0.100005597,1,0,0,0,899.95,0,0,0,0,forage,search,0
48,13.8,3.429,5.7,6.3,50,240,50,30,800,3,3,19.9,3.569,8.3,10.6,50,180,300,0.66,0.1,1.5,0.99,0.99,0,0,4919,575,0.100005597,0,1,85.5,160.4,245.9,253.4352967,125.3861961,0.305685813,0.610510723,escape,pursue,1
41,13.8,3.429,5.7,6.3,50,240,50,30,800,3,3,19.9,3.569,8.3,10.6,50,180,300,0.66,0.1,1.5,0.99,0.99,0,0,18000,578,0.100005597,1,0,0,0,899.95,0,0,0,0,forage,search,0
52,13.8,3.429,5.7,6.3,50,240,50,30,800,3,3,19.9,3.569,8.3,10.6,50,180,300,0.66,0.1,1.5,0.99,0.99,0,0,78,583,0.100005597,0,1,0.05,3.85,3.85,5.933721797,2.486904699,0.449322186,1.063639477,escape,pursue,1
45,13.8,3.429,5.7,6.3,50,240,50,30,800,3,3,19.9,3.569,8.3,10.6,50,180,300,0.66,0.1,1.5,0.99,0.99,0,0,14491,576,0.100005597,0,1,492.4,232.15,724.5,301.86357,193.3852207,0.404668608,0.624632868,escape,pursue,1
50,13.8,3.429,5.7,6.3,50,240,50,30,800,3,3,19.9,3.569,8.3,10.6,50,180,300,0.66,0.1,1.5,0.99,0.99,0,0,12503,565,0.100005597,1,0,187.4,437.75,625.1,641.1475666,299.9822217,0.464489293,0.664880869,escape,pursue,1
43,13.8,3.429,5.7,6.3,50,240,50,30,800,3,3,19.9,3.569,8.3,10.6,50,180,300,0.66,0.1,1.5,0.99,0.99,0,0,18000,567,0.100005597,1,0,0,0,899.95,0,0,0,0,forage,search,0
47,13.8,3.429,5.7,6.3,50,240,50,30,800,3,3,19.9,3.569,8.3,10.6,50,180,300,0.66,0.1,1.5,0.99,0.99,0,0,18000,567,0.100005597,1,0,834.8,65.2,899.95,80.05076253,35.6163353,0.436692455,0.954768206,escape,pursue,1
53,13.8,3.429,5.7,6.3,50,240,50,30,800,3,3,19.9,3.569,8.3,10.6,50,180,300,0.66,0.1,1.5,0.99,0.99,0,0,7438,575,0.100005597,0,1,178.8,100.95,371.85,168.2292294,37.8630289,0.22071943,0.5271664,escape,pursue,1
46,13.8,3.429,5.7,6.3,50,240,50,30,800,3,3,19.9,3.569,8.3,10.6,50,180,300,0.66,0.1,1.5,0.99,0.99,0,0,18000,581,0.100005597,1,0,0,0,899.95,0,0,0,0,forage,search,0
54,13.8,3.429,5.7,6.3,50,240,50,30,800,3,3,19.9,3.569,8.3,10.6,50,180,300,0.66,0.1,1.5,0.99,0.99,0,0,7197,574,0.100005597,0,1,232.3,127.55,359.8,169.23537,106.9918459,0.357933919,0.648135988,escape,pursue,1
49,13.8,3.429,5.7,6.3,50,240,50,30,800,3,3,19.9,3.569,8.3,10.6,50,180,300,0.66,0.1,1.5,0.99,0.99,0,0,18000,566,0.100005597,1,0,0,0,899.95,0,0,0,0,forage,search,0
51,13.8,3.429,5.7,6.3,50,240,50,30,800,3,3,19.9,3.569,8.3,10.6,50,180,300,0.66,0.1,1.5,0.99,0.99,0,0,18000,577,0.100005597,1,0,0,0,899.95,0,0,0,0,forage,search,0
55,13.8,3.429,5.7,6.3,50,240,50,30,800,3,3,19.9,3.569,8.3,10.6,50,180,300,0.66,0.1,1.5,0.99,0.99,0,0,18000,562,0.100005597,1,0,0,0,899.95,0,0,0,0,forage,search,0
61,13.8,3.429,5.7,6.3,50,240,50,30,800,3,3,19.9,3.569,8.3,10.6,50,180,300,0.66,0.1,1.5,0.99,0.99,0,0,10318,575,0.100005597,0,1,417.7,98.2,515.85,142.2375369,81.85114212,0.373638843,0.583615229,escape,pursue,1
59,13.8,3.429,5.7,6.3,50,240,50,30,800,3,3,19.9,3.569,8.3,10.6,50,180,300,0.66,0.1,1.5,0.99,0.99,0,0,17322,581,0.100005597,0,1,489.5,376.55,866.05,527.0208288,254.4403877,0.420139568,0.755614018,escape,pursue,1
56,13.8,3.429,5.7,6.3,50,240,50,30,800,3,3,19.9,3.569,8.3,10.6,50,180,300,0.66,0.1,1.5,0.99,0.99,0,0,18000,568,0.100005597,1,0,0,0,899.95,0,0,0,0,forage,search,0
57,13.8,3.429,5.7,6.3,50,240,50,30,800,3,3,19.9,3.569,8.3,10.6,50,180,300,0.66,0.1,1.5,0.99,0.99,0,0,18000,571,0.100005597,1,0,0,0,899.95,0,0,0,0,forage,search,0
58,13.8,3.429,5.7,6.3,50,240,50,30,800,3,3,19.9,3.569,8.3,10.6,50,180,300,0.66,0.1,1.5,0.99,0.99,0,0,18000,571,0.100005597,1,0,0,0,899.95,0,0,0,0,forage,search,0
60,13.8,3.429,5.7,6.3,50,240,50,30,800,3,3,19.9,3.569,8.3,10.6,50,180,300,0.66,0.1,1.5,0.99,0.99,0,0,18000,577,0.100005597,1,0,0,0,899.95,0,0,0,0,forage,search,0
69,13.8,3.429,5.7,6.3,50,240,50,30,800,3,3,19.9,3.569,8.3,10.6,50,180,300,0.66,0.1,1.5,0.99,0.99,0,0,1055,579,0.100005597,0,1,16.55,36.2,52.7,57.23122948,36.08179212,0.296424434,0.522491964,escape,pursue,1
62,13.8,3.429,5.7,6.3,50,240,50,30,800,3,3,19.9,3.569,8.3,10.6,50,180,300,0.66,0.1,1.5,0.99,0.99,0,0,18000,578,0.100005597,1,0,0,0,899.95,0,0,0,0,forage,search,0
70,13.8,3.429,5.7,6.3,50,240,50,30,800,3,3,19.9,3.569,8.3,10.6,50,180,300,0.66,0.1,1.5,0.99,0.99,0,0,793,567,0.100005597,0,1,0.05,39.6,39.6,42.23139355,26.79461394,0.722977611,0.888396104,escape,pursue,1
63,13.8,3.429,5.7,6.3,50,240,50,30,800,3,3,19.9,3.569,8.3,10.6,50,180,300,0.66,0.1,1.5,0.99,0.99,0,0,18000,581,0.100005597,1,0,0,0,899.95,0,0,0,0,forage,search,0
66,13.8,3.429,5.7,6.3,50,240,50,30,800,3,3,19.9,3.569,8.3,10.6,50,180,300,0.66,0.1,1.5,0.99,0.99,0,0,17863,579,0.100005597,1,0,421.2,411.65,893.1,621.4966876,299.9895578,0.387945753,0.657787383,escape,pursue,1
65,13.8,3.429,5.7,6.3,50,240,50,30,800,3,3,19.9,3.569,8.3,10.6,50,180,300,0.66,0.1,1.5,0.99,0.99,0,0,14443,577,0.100005597,0,1,653.55,69.3,722.1,98.9913887,60.10009063,0.369718588,0.560119735,escape,pursue,1
64,13.8,3.429,5.7,6.3,50,240,50,30,800,3,3,19.9,3.569,8.3,10.6,50,180,300,0.66,0.1,1.5,0.99,0.99,0,0,18000,569,0.100005597,1,0,0,0,899.95,0,0,0,0,forage,search,0
67,13.8,3.429,5.7,6.3,50,240,50,30,800,3,3,19.9,3.569,8.3,10.6,50,180,300,0.66,0.1,1.5,0.99,0.99,0,0,15147,564,0.100005597,0,1,707.55,49.8,757.3,58.56378415,32.45198738,0.541257424,0.744969249,escape,pursue,1
75,13.8,3.429,5.7,6.3,50,240,50,30,800,3,3,19.9,3.569,8.3,10.6,50,180,300,0.66,0.1,1.5,0.99,0.99,0,0,4384,578,0.100005597,0,1,0.2,219,219.15,332.2644542,185.0283506,0.320064753,0.589056956,escape,pursue,1
78,13.8,3.429,5.7,6.3,50,240,50,30,800,3,3,19.9,3.569,8.3,10.6,50,180,300,0.66,0.1,1.5,0.99,0.99,0,0,4263,573,0.100005597,0,1,4.25,213.1,213.1,342.13118,84.22138636,0.283132205,0.807903829,escape,pursue,1
68,13.8,3.429,5.7,6.3,50,240,50,30,800,3,3,19.9,3.569,8.3,10.6,50,180,300,0.66,0.1,1.5,0.99,0.99,0,0,18000,572,0.100005597,1,0,0,0,899.95,0,0,0,0,forage,search,0
72,13.8,3.429,5.7,6.3,50,240,50,30,800,3,3,19.9,3.569,8.3,10.6,50,180,300,0.66,0.1,1.5,0.99,0.99,0,0,18000,579,0.100005597,1,0,692.8,207.2,899.95,367.0730515,36.5473104,0.362325553,0.56158779,escape,search,1
71,13.8,3.429,5.7,6.3,50,240,50,30,800,3,3,19.9,3.569,8.3,10.6,50,180,300,0.66,0.1,1.5,0.99,0.99,0,0,18000,569,0.100005597,1,0,0,0,899.95,0,0,0,0,forage,search,0
77,13.8,3.429,5.7,6.3,50,240,50,30,800,3,3,19.9,3.569,8.3,10.6,50,180,300,0.66,0.1,1.5,0.99,0.99,0,0,18000,582,0.100005597,1,0,527.1,372.9,899.95,632.5060135,98.21834907,0.377972092,0.704881187,circle,search,1
73,13.8,3.429,5.7,6.3,50,240,50,30,800,3,3,19.9,3.569,8.3,10.6,50,180,300,0.66,0.1,1.5,0.99,0.99,0,0,18000,573,0.100005597,1,0,0,0,899.95,0,0,0,0,forage,search,0
74,13.8,3.429,5.7,6.3,50,240,50,30,800,3,3,19.9,3.569,8.3,10.6,50,180,300,0.66,0.1,1.5,0.99,0.99,0,0,18000,569,0.100005597,1,0,899.95,0,899.95,0,0,0,0,forage,search,1
80,13.8,3.429,5.7,6.3,50,240,50,30,800,3,3,19.9,3.569,8.3,10.6,50,180,300,0.66,0.1,1.5,0.99,0.99,0,0,11257,576,0.100005597,0,1,508.45,54.35,562.8,72.25324712,51.84654505,0.377641182,0.495276384,escape,pursue,1
76,13.8,3.429,5.7,6.3,50,240,50,30,800,3,3,19.9,3.569,8.3,10.6,50,180,300,0.66,0.1,1.5,0.99,0.99,0,0,18000,568,0.100005597,1,0,898.15,0,899.95,0,0,0,0,forage,search,1
81,13.8,3.429,5.7,6.3,50,240,50,30,800,3,3,19.9,3.569,8.3,10.6,50,180,300,0.66,0.1,1.5,0.99,0.99,0,0,13396,575,0.100005597,0,1,375.4,289.1,669.75,434.0036963,194.3072056,0.39219683,0.561483612,escape,pursue,1
84,13.8,3.429,5.7,6.3,50,240,50,30,800,3,3,19.9,3.569,8.3,10.6,50,180,300,0.66,0.1,1.5,0.99,0.99,0,0,7836,578,0.100005597,0,1,176.45,215.3,391.75,299.8343188,193.9327792,0.368165225,0.489226309,escape,pursue,1
79,13.8,3.429,5.7,6.3,50,240,50,30,800,3,3,19.9,3.569,8.3,10.6,50,180,300,0.66,0.1,1.5,0.99,0.99,0,0,18000,568,0.100005597,1,0,0,0,899.95,0,0,0,0,forage,search,0
82,13.8,3.429,5.7,6.3,50,240,50,30,800,3,3,19.9,3.569,8.3,10.6,50,180,300,0.66,0.1,1.5,0.99,0.99,0,0,16157,573,0.100005597,0,1,691.4,116.45,807.8,161.7279568,89.7835339,0.463313871,0.600617468,escape,pursue,1
90,13.8,3.429,5.7,6.3,50,240,50,30,800,3,3,19.9,3.569,8.3,10.6,50,180,300,0.66,0.1,1.5,0.99,0.99,0,0,8398,580,0.100005597,0,1,64.55,355.35,419.85,544.4123264,150.7466178,0.378630245,0.842113111,escape,pursue,1
83,13.8,3.429,5.7,6.3,50,240,50,30,800,3,3,19.9,3.569,8.3,10.6,50,180,300,0.66,0.1,1.5,0.99,0.99,0,0,18000,583,0.100005597,1,0,0,0,899.95,0,0,0,0,forage,search,0
88,13.8,3.429,5.7,6.3,50,240,50,30,800,3,3,19.9,3.569,8.3,10.6,50,180,300,0.66,0.1,1.5,0.99,0.99,0,0,17358,576,0.100005597,0,1,610.95,256.95,867.85,365.5646182,189.4313262,0.435136494,0.617327318,escape,pursue,1
85,13.8,3.429,5.7,6.3,50,240,50,30,800,3,3,19.9,3.569,8.3,10.6,50,180,300,0.66,0.1,1.5,0.99,0.99,0,0,18000,571,0.100005597,1,0,0,0,899.95,0,0,0,0,forage,search,0
86,13.8,3.429,5.7,6.3,50,240,50,30,800,3,3,19.9,3.569,8.3,10.6,50,180,300,0.66,0.1,1.5,0.99,0.99,0,0,18000,579,0.100005597,1,0,0,0,899.95,0,0,0,0,forage,search,0
94,13.8,3.429,5.7,6.3,50,240,50,30,800,3,3,19.9,3.569,8.3,10.6,50,180,300,0.66,0.1,1.5,0.99,0.99,0,0,1196,571,0.100005597,0,1,33.3,26.5,59.75,27.57450242,26.9876445,0.508016698,0.408428152,escape,pursue,1
87,13.8,3.429,5.7,6.3,50,240,50,30,800,3,3,19.9,3.569,8.3,10.6,50,180,300,0.66,0.1,1.5,0.99,0.99,0,0,18000,575,0.100005597,1,0,0,0,899.95,0,0,0,0,forage,search,0
89,13.8,3.429,5.7,6.3,50,240,50,30,800,3,3,19.9,3.569,8.3,10.6,50,180,300,0.66,0.1,1.5,0.99,0.99,0,0,13328,570,0.100005597,0,1,545.7,121.4,666.35,208.7167438,91.03651683,0.294359703,0.686655523,escape,pursue,1
95,13.8,3.429,5.7,6.3,50,240,50,30,800,3,3,19.9,3.569,8.3,10.6,50,180,300,0.66,0.1,1.5,0.99,0.99,0,0,3261,570,0.100005597,0,1,71.7,91.35,163,114.8305184,50.46138105,0.601879444,0.732491714,circle,stalk,1
97,13.8,3.429,5.7,6.3,50,240,50,30,800,3,3,19.9,3.569,8.3,10.6,50,180,300,0.66,0.1,1.5,0.99,0.99,0,0,4332,579,0.100005597,0,1,54.45,162.15,216.55,209.4674926,110.0235244,0.520691083,0.683725799,escape,pursue,1
96,13.8,3.429,5.7,6.3,50,240,50,30,800,3,3,19.9,3.569,8.3,10.6,50,180,300,0.66,0.1,1.5,0.99,0.99,0,0,10547,580,0.100005597,0,1,26.75,500.4,527.3,789.6044839,260.7212297,0.363069451,0.714885835,escape,pursue,1
92,13.8,3.429,5.7,6.3,50,240,50,30,800,3,3,19.9,3.569,8.3,10.6,50,180,300,0.66,0.1,1.5,0.99,0.99,0,0,14054,570,0.100005597,0,1,551.5,151.2,702.65,200.3733544,63.75891255,0.465139003,0.567145959,escape,pursue,1
98,13.8,3.429,5.7,6.3,50,240,50,30,800,3,3,19.9,3.569,8.3,10.6,50,180,300,0.66,0.1,1.5,0.99,0.99,0,0,6754,566,0.100005597,0,1,308.6,29.1,337.65,41.66690255,35.94006936,0.394811696,0.38792224,escape,pursue,1
91,13.8,3.429,5.7,6.3,50,240,50,30,800,3,3,19.9,3.569,8.3,10.6,50,180,300,0.66,0.1,1.5,0.99,0.99,0,0,18000,583,0.100005597,1,0,899.95,0,899.95,0,0,0,0,forage,search,1
93,13.8,3.429,5.7,6.3,50,240,50,30,800,3,3,19.9,3.569,8.3,10.6,50,180,300,0.66,0.1,1.5,0.99,0.99,0,0,18000,573,0.100005597,1,0,899.95,0,899.95,0,0,0,0,forage,search,1
99,13.8,3.429,5.7,6.3,50,240,50,30,800,3,3,19.9,3.569,8.3,10.6,50,180,300,0.66,0.1,1.5,0.99,0.99,0,0,18000,565,0.100005597,1,0,32.85,0,899.95,0,0,0,0,forage,search,1
100,13.8,3.429,5.7,6.3,50,240,50,30,800,3,3,19.9,3.569,8.3,10.6,50,180,300,0.66,0.1,1.5,0.99,0.99,0,0,18000,583,0.100005597,1,0,0,0,899.95,0,0,0,0,forage,search,0
5,13.8,3.429,5.7,6.3,50,240,50,30,800,3,3,19.9,3.569,8.3,10.6,50,180,300,0.66,0.1,1.5,0.99,0.99,0,0,18000,575,0.100005597,1,0,41.9,281.95,899.95,436.0742023,184.6344702,0.428679488,0.612427717,escape,search,1
8,13.8,3.429,5.7,6.3,50,240,50,30,800,3,3,19.9,3.569,8.3,10.6,50,180,300,0.66,0.1,1.5,0.99,0.99,0,0,15485,564,0.100005597,0,1,593.15,113.65,774.2,172.8330948,102.773068,0.311335254,0.524550365,escape,pursue,1
7,13.8,3.429,5.7,6.3,50,240,50,30,800,3,3,19.9,3.569,8.3,10.6,50,180,300,0.66,0.1,1.5,0.99,0.99,0,0,16526,575,0.100005597,0,1,628.3,143.95,826.25,198.7424081,109.6353523,0.436253223,0.619497632,escape,search,1
4,13.8,3.429,5.7,6.3,50,240,50,30,800,3,3,19.9,3.569,8.3,10.6,50,180,300,0.66,0.1,1.5,0.99,0.99,0,0,18000,572,0.100005597,1,0,0,0,899.95,0,0,0,0,forage,search,0
2,13.8,3.429,5.7,6.3,50,240,50,30,800,3,3,19.9,3.569,8.3,10.6,50,180,300,0.66,0.1,1.5,0.99,0.99,0,0,18000,570,0.100005597,1,0,0,0,899.95,0,0,0,0,forage,search,0
6,13.8,3.429,5.7,6.3,50,240,50,30,800,3,3,19.9,3.569,8.3,10.6,50,180,300,0.66,0.1,1.5,0.99,0.99,0,0,18000,568,0.100005597,1,0,0,0,899.95,0,0,0,0,forage,search,0
1,13.8,3.429,5.7,6.3,50,240,50,30,800,3,3,19.9,3.569,8.3,10.6,50,180,300,0.66,0.1,1.5,0.99,0.99,0,0,18000,577,0.100005597,1,0,0,0,899.95,0,0,0,0,forage,search,0
3,13.8,3.429,5.7,6.3,50,240,50,30,800,3,3,19.9,3.569,8.3,10.6,50,180,300,0.66,0.1,1.5,0.99,0.99,0,0,18000,580,0.100005597,1,0,0,0,899.95,0,0,0,0,forage,search,0
13,13.8,3.429,5.7,6.3,50,240,50,30,800,3,3,19.9,3.569,8.3,10.6,50,180,300,0.66,0.1,1.5,0.99,0.99,0,0,2289,578,0.100005597,0,1,86.4,28.05,114.4,35.38255383,39.46236263,0.432549635,0.284477524,escape,pursue,1
15,13.8,3.429,5.7,6.3,50,240,50,30,800,3,3,19.9,3.569,8.3,10.6,50,180,300,0.66,0.1,1.5,0.99,0.99,0,0,8624,561,0.100005597,1,0,45.55,385.65,431.15,588.8390623,299.959745,0.371915168,0.603949082,escape,pursue,1
10,13.8,3.429,5.7,6.3,50,240,50,30,800,3,3,19.9,3.569,8.3,10.6,50,180,300,0.66,0.1,1.5,0.99,0.99,0,0,18000,570,0.100005597,1,0,259,482.6,899.95,800.1128908,264.3718243,0.326685881,0.797207772,exhausted,pursue,1
11,13.8,3.429,5.7,6.3,50,240,50,30,800,3,3,19.9,3.569,8.3,10.6,50,180,300,0.66,0.1,1.5,0.99,0.99,0,0,10663,567,0.100005597,0,1,474,59.15,533.1,87.78007757,56.05653312,0.347099531,0.505871561,escape,pursue,1
16,13.8,3.429,5.7,6.3,50,240,50,30,800,3,3,19.9,3.569,8.3,10.6,50,180,300,0.66,0.1,1.5,0.99,0.99,0,0,13986,584,0.100005597,0,1,241.9,456.2,699.25,655.7071353,90.95336402,0.487860124,1.156550893,escape,pursue,1
9,13.8,3.429,5.7,6.3,50,240,50,30,800,3,3,19.9,3.569,8.3,10.6,50,180,300,0.66,0.1,1.5,0.99,0.99,0,0,18000,568,0.100005597,1,0,0,0,899.95,0,0,0,0,forage,search,0
18,13.8,3.429,5.7,6.3,50,240,50,30,800,3,3,19.9,3.569,8.3,10.6,50,180,300,0.66,0.1,1.5,0.99,0.99,0,0,6509,580,0.100005597,0,1,251.15,74.3,325.4,104.0397058,68.84869896,0.328314524,0.539764465,escape,pursue,1
17,13.8,3.429,5.7,6.3,50,240,50,30,800,3,3,19.9,3.569,8.3,10.6,50,180,300,0.66,0.1,1.5,0.99,0.99,0,0,10857,573,0.100005597,0,1,442.75,100.1,542.8,139.5019894,102.9042956,0.426894295,0.49959391,escape,pursue,1
14,13.8,3.429,5.7,6.3,50,240,50,30,800,3,3,19.9,3.569,8.3,10.6,50,180,300,0.66,0.1,1.5,0.99,0.99,0,0,18000,577,0.100005597,1,0,0,0,899.95,0,0,0,0,forage,search,0
21,13.8,3.429,5.7,6.3,50,240,50,30,800,3,3,19.9,3.569,8.3,10.6,50,180,300,0.66,0.1,1.5,0.99,0.99,0,0,7815,575,0.100005597,0,1,255.25,135.5,390.7,192.6370141,75.00499506,0.491581931,0.640073441,escape,pursue,1
12,13.8,3.429,5.7,6.3,50,240,50,30,800,3,3,19.9,3.569,8.3,10.6,50,180,300,0.66,0.1,1.5,0.99,0.99,0,0,18000,573,0.100005597,1,0,894.95,0,899.95,0,0,0,0,forage,search,1
25,13.8,3.429,5.7,6.3,50,240,50,30,800,3,3,19.9,3.569,8.3,10.6,50,180,300,0.66,0.1,1.5,0.99,0.99,0,0,3437,571,0.100005597,0,1,78.65,93.2,171.8,149.0454362,60.04825454,0.415809966,0.754121476,escape,pursue,1
19,13.8,3.429,5.7,6.3,50,240,50,30,800,3,3,19.9,3.569,8.3,10.6,50,180,300,0.66,0.1,1.5,0.99,0.99,0,0,18000,559,0.100005597,1,0,0,0,899.95,0,0,0,0,forage,search,0
28,13.8,3.429,5.7,6.3,50,240,50,30,800,3,3,19.9,3.569,8.3,10.6,50,180,300,0.66,0.1,1.5,0.99,0.99,0,0,910,581,0.100005597,0,1,26.8,18.7,45.45,27.19844432,24.99149784,0.400177868,0.324527831,escape,pursue,1
20,13.8,3.429,5.7,6.3,50,240,50,30,800,3,3,19.9,3.569,8.3,10.6,50,180,300,0.66,0.1,1.5,0.99,0.99,0,0,18000,573,0.100005597,1,0,0,0,899.95,0,0,0,0,forage,search,0
23,13.8,3.429,5.7,6.3,50,240,50,30,800,3,3,19.9,3.569,8.3,10.6,50,180,300,0.66,0.1,1.5,0.99,0.99,0,0,18000,575,0.100005597,1,0,0,0,899.95,0,0,0,0,forage,search,0
24,13.8,3.429,5.7,6.3,50,240,50,30,800,3,3,19.9,3.569,8.3,10.6,50,180,300,0.66,0.1,1.5,0.99,0.99,0,0,18000,571,0.100005597,1,0,0,0,899.95,0,0,0,0,forage,search,0
27,13.8,3.429,5.7,6.3,50,240,50,30,800,3,3,19.9,3.569,8.3,10.6,50,180,300,0.66,0.1,1.5,0.99,0.99,0,0,12343,574,0.100005597,0,1,542.9,74.25,617.1,126.5344601,64.68786747,0.286759128,0.603125979,escape,pursue,1
22,13.8,3.429,5.7,6.3,50,240,50,30,800,3,3,19.9,3.569,8.3,10.6,50,180,300,0.66,0.1,1.5,0.99,0.99,0,0,18000,573,0.100005597,1,0,899.95,0,899.95,0,0,0,0,forage,search,1
29,13.8,3.429,5.7,6.3,50,240,50,30,800,3,3,19.9,3.569,8.3,10.6,50,180,300,0.66,0.1,1.5,0.99,0.99,0,0,12052,574,0.100005597,0,1,398.5,204.1,602.55,293.5275682,154.4354065,0.347650707,0.63106422,escape,pursue,1
26,13.8,3.429,5.7,6.3,50,240,50,30,800,3,3,19.9,3.569,8.3,10.6,50,180,300,0.66,0.1,1.5,0.99,0.99,0,0,18000,572,0.100005597,1,0,0,0,899.95,0,0,0,0,forage,search,0
36,13.8,3.429,5.7,6.3,50,240,50,30,800,3,3,19.9,3.569,8.3,10.6,50,180,300,0.66,0.1,1.5,0.99,0.99,0,0,1897,578,0.100005597,0,1,40.45,54.4,94.8,71.65446349,47.93917503,0.386443839,0.56610531,escape,pursue,1
31,13.8,3.429,5.7,6.3,50,240,50,30,800,3,3,19.9,3.569,8.3,10.6,50,180,300,0.66,0.1,1.5,0.99,0.99,0,0,12865,582,0.100005597,0,1,492.35,150.9,643.2,241.0647784,156.6776483,0.272812134,0.472713516,escape,pursue,1
30,13.8,3.429,5.7,6.3,50,240,50,30,800,3,3,19.9,3.569,8.3,10.6,50,180,300,0.66,0.1,1.5,0.99,0.99,0,0,18000,580,0.100005597,1,0,0,0,899.95,0,0,0,0,forage,search,0
34,13.8,3.429,5.7,6.3,50,240,50,30,800,3,3,19.9,3.569,8.3,10.6,50,180,300,0.66,0.1,1.5,0.99,0.99,0,0,9444,575,0.100005597,0,1,411.25,60.95,472.15,82.2467845,55.90110098,0.456883191,0.409932089,escape,pursue,1
38,13.8,3.429,5.7,6.3,50,240,50,30,800,3,3,19.9,3.569,8.3,10.6,50,180,300,0.66,0.1,1.5,0.99,0.99,0,0,16970,576,0.100005597,0,1,2.95,504,848.45,800.1416631,180.3851439,0.388563721,0.64383742,exhausted,pursue,1
33,13.8,3.429,5.7,6.3,50,240,50,30,800,3,3,19.9,3.569,8.3,10.6,50,180,300,0.66,0.1,1.5,0.99,0.99,0,0,14311,581,0.100005597,0,1,637.7,77.85,715.5,103.3481057,68.12985464,0.359199702,0.592794313,escape,pursue,1
37,13.8,3.429,5.7,6.3,50,240,50,30,800,3,3,19.9,3.569,8.3,10.6,50,180,300,0.66,0.1,1.5,0.99,0.99,0,0,13943,586,0.100005597,0,1,402.1,295.05,697.1,411.7890694,184.5544109,0.386147536,0.745659434,escape,pursue,1
32,13.8,3.429,5.7,6.3,50,240,50,30,800,3,3,19.9,3.569,8.3,10.6,50,180,300,0.66,0.1,1.5,0.99,0.99,0,0,18000,586,0.100005597,1,0,0,0,899.95,0,0,0,0,forage,search,0
43,13.8,3.429,5.7,6.3,50,240,50,30,800,3,3,19.9,3.569,8.3,10.6,50,180,300,0.66,0.1,1.5,0.99,0.99,0,0,7222,579,0.100005597,0,1,4.85,356.25,361.05,518.8535605,208.8425752,0.454986896,0.70608829,escape,pursue,1
40,13.8,3.429,5.7,6.3,50,240,50,30,800,3,3,19.9,3.569,8.3,10.6,50,180,300,0.66,0.1,1.5,0.99,0.99,0,0,7288,575,0.100005597,0,1,291.8,72.6,364.35,88.56789025,43.97374943,0.468558259,0.906947101,escape,pursue,1
35,13.8,3.429,5.7,6.3,50,240,50,30,800,3,3,19.9,3.569,8.3,10.6,50,180,300,0.66,0.1,1.5,0.99,0.99,0,0,18000,564,0.100005597,1,0,894.95,0,899.95,0,0,0,0,forage,search,1
46,13.8,3.429,5.7,6.3,50,240,50,30,800,3,3,19.9,3.569,8.3,10.6,50,180,300,0.66,0.1,1.5,0.99,0.99,0,0,12959,576,0.100005597,1,0,170.65,477.3,647.9,744.3931272,299.9774325,0.382045443,0.792785152,escape,pursue,1
39,13.8,3.429,5.7,6.3,50,240,50,30,800,3,3,19.9,3.569,8.3,10.6,50,180,300,0.66,0.1,1.5,0.99,0.99,0,0,18000,572,0.100005597,1,0,896,4,899.95,6.170839093,1.088523507,0.325509728,1.124236296,circle,search,1
47,13.8,3.429,5.7,6.3,50,240,50,30,800,3,3,19.9,3.569,8.3,10.6,50,180,300,0.66,0.1,1.5,0.99,0.99,0,0,8747,566,0.100005597,0,1,295.45,141.85,437.3,212.0076539,87.7519975,0.361594706,0.758677631,escape,pursue,1
41,13.8,3.429,5.7,6.3,50,240,50,30,800,3,3,19.9,3.569,8.3,10.6,50,180,300,0.66,0.1,1.5,0.99,0.99,0,0,18000,568,0.100005597,1,0,0,0,899.95,0,0,0,0,forage,search,0
42,13.8,3.429,5.7,6.3,50,240,50,30,800,3,3,19.9,3.569,8.3,10.6,50,180,300,0.66,0.1,1.5,0.99,0.99,0,0,18000,582,0.100005597,1,0,895.4,0,899.95,0,0,0,0,forage,search,1
45,13.8,3.429,5.7,6.3,50,240,50,30,800,3,3,19.9,3.569,8.3,10.6,50,180,300,0.66,0.1,1.5,0.99,0.99,0,0,16770,584,0.100005597,0,1,800.5,38,838.45,44.74406281,46.40662408,0.44082486,0.388708755,escape,pursue,1
53,13.8,3.429,5.7,6.3,50,240,50,30,800,3,3,19.9,3.569,8.3,10.6,50,180,300,0.66,0.1,1.5,0.99,0.99,0,0,3293,574,0.100005597,0,1,20.35,144.35,164.6,190.8142422,83.29049171,0.474650017,0.8570378,escape,stalk,1
48,13.8,3.429,5.7,6.3,50,240,50,30,800,3,3,19.9,3.569,8.3,10.6,50,180,300,0.66,0.1,1.5,0.99,0.99,0,0,14653,575,0.100005597,0,1,617.15,115.5,732.6,143.0417367,68.72203932,0.638315835,0.742956137,escape,pursue,1
44,13.8,3.429,5.7,6.3,50,240,50,30,800,3,3,19.9,3.569,8.3,10.6,50,180,300,0.66,0.1,1.5,0.99,0.99,0,0,18000,568,0.100005597,1,0,0,0,899.95,0,0,0,0,forage,search,0
54,13.8,3.429,5.7,6.3,50,240,50,30,800,3,3,19.9,3.569,8.3,10.6,50,180,300,0.66,0.1,1.5,0.99,0.99,0,0,2377,566,0.100005597,0,1,0.05,118.8,118.8,182.308688,96.47195323,0.367901785,0.707123398,escape,pursue,1
52,13.8,3.429,5.7,6.3,50,240,50,30,800,3,3,19.9,3.569,8.3,10.6,50,180,300,0.66,0.1,1.5,0.99,0.99,0,0,9948,581,0.100005597,0,1,317.8,179.6,497.35,280.7285904,64.05273574,0.362001468,0.610853941,escape,pursue,1
49,13.8,3.429,5.7,6.3,50,240,50,30,800,3,3,19.9,3.569,8.3,10.6,50,180,300,0.66,0.1,1.5,0.99,0.99,0,0,18000,573,0.100005597,1,0,0,0,899.95,0,0,0,0,forage,search,0
50,13.8,3.429,5.7,6.3,50,240,50,30,800,3,3,19.9,3.569,8.3,10.6,50,180,300,0.66,0.1,1.5,0.99,0.99,0,0,18000,585,0.100005597,1,0,0,0,899.95,0,0,0,0,forage,search,0
51,13.8,3.429,5.7,6.3,50,240,50,30,800,3,3,19.9,3.569,8.3,10.6,50,180,300,0.66,0.1,1.5,0.99,0.99,0,0,18000,579,0.100005597,1,0,0,0,899.95,0,0,0,0,forage,search,0
60,13.8,3.429,5.7,6.3,50,240,50,30,800,3,3,19.9,3.569,8.3,10.6,50,180,300,0.66,0.1,1.5,0.99,0.99,0,0,2121,575,0.100005597,0,1,68.75,37.3,106,48.58659943,39.95889496,0.430846979,0.449055147,escape,pursue,1
61,13.8,3.429,5.7,6.3,50,240,50,30,800,3,3,19.9,3.569,8.3,10.6,50,180,300,0.66,0.1,1.5,0.99,0.99,0,0,472,562,0.100005597,0,1,3.6,23.45,23.55,26.07921284,18.82384815,0.654019589,0.622663611,escape,pursue,1
58,13.8,3.429,5.7,6.3,50,240,50,30,800,3,3,19.9,3.569,8.3,10.6,50,180,300,0.66,0.1,1.5,0.99,0.99,0,0,12710,569,0.100005597,0,1,453.4,182.1,635.45,285.1423629,168.3632745,0.347561088,0.461753076,escape,pursue,1
63,13.8,3.429,5.7,6.3,50,240,50,30,800,3,3,19.9,3.569,8.3,10.6,50,180,300,0.66,0.1,1.5,0.99,0.99,0,0,3847,575,0.100005597,0,1,30.5,161.8,192.3,250.7802045,71.88500653,0.353652042,0.690747594,escape,pursue,1
59,13.8,3.429,5.7,6.3,50,240,50,30,800,3,3,19.9,3.569,8.3,10.6,50,180,300,0.66,0.1,1.5,0.99,0.99,0,0,16001,576,0.100005597,0,1,340.9,393.15,800,591.8943976,195.3833776,0.414511027,0.875599525,escape,pursue,1
55,13.8,3.429,5.7,6.3,50,240,50,30,800,3,3,19.9,3.569,8.3,10.6,50,180,300,0.66,0.1,1.5,0.99,0.99,0,0,18000,572,0.100005597,1,0,0,0,899.95,0,0,0,0,forage,search,0
56,13.8,3.429,5.7,6.3,50,240,50,30,800,3,3,19.9,3.569,8.3,10.6,50,180,300,0.66,0.1,1.5,0.99,0.99,0,0,18000,581,0.100005597,1,0,0,0,899.95,0,0,0,0,forage,search,0
57,13.8,3.429,5.7,6.3,50,240,50,30,800,3,3,19.9,3.569,8.3,10.6,50,180,300,0.66,0.1,1.5,0.99,0.99,0,0,17164,577,0.100005597,0,1,821.5,36.7,858.15,48.148133,31.0746862,0.381226744,0.504232997,escape,pursue,1
68,13.8,3.429,5.7,6.3,50,240,50,30,800,3,3,19.9,3.569,8.3,10.6,50,180,300,0.66,0.1,1.5,0.99,0.99,0,0,3093,576,0.100005597,0,1,60,94.65,154.6,141.3913312,89.51720101,0.326110416,0.487963458,escape,pursue,1
62,13.8,3.429,5.7,6.3,50,240,50,30,800,3,3,19.9,3.569,8.3,10.6,50,180,300,0.66,0.1,1.5,0.99,0.99,0,0,18000,571,0.100005597,1,0,0,0,899.95,0,0,0,0,forage,search,0
66,13.8,3.429,5.7,6.3,50,240,50,30,800,3,3,19.9,3.569,8.3,10.6,50,180,300,0.66,0.1,1.5,0.99,0.99,0,0,16407,576,0.100005597,0,1,785.05,35.3,820.3,40.62850416,35.99222491,0.493963211,0.540326697,escape,pursue,1
65,13.8,3.429,5.7,6.3,50,240,50,30,800,3,3,19.9,3.569,8.3,10.6,50,180,300,0.66,0.1,1.5,0.99,0.99,0,0,18000,571,0.100005597,1,0,0,0,899.95,0,0,0,0,forage,search,0
73,13.8,3.429,5.7,6.3,50,240,50,30,800,3,3,19.9,3.569,8.3,10.6,50,180,300,0.66,0.1,1.5,0.99,0.99,0,0,2870,574,0.100005597,0,1,0.05,143.45,143.45,228.2332339,106.8456056,0.373300415,0.564274759,escape,pursue,1
67,13.8,3.429,5.7,6.3,50,240,50,30,800,3,3,19.9,3.569,8.3,10.6,50,180,300,0.66,0.1,1.5,0.99,0.99,0,0,18000,576,0.100005597,1,0,0,0,899.95,0,0,0,0,forage,search,0
64,13.8,3.429,5.7,6.3,50,240,50,30,800,3,3,19.9,3.569,8.3,10.6,50,180,300,0.66,0.1,1.5,0.99,0.99,0,0,18000,562,0.100005597,1,0,899.7,0,899.95,0,0,0,0,forage,search,1
69,13.8,3.429,5.7,6.3,50,240,50,30,800,3,3,19.9,3.569,8.3,10.6,50,180,300,0.66,0.1,1.5,0.99,0.99,0,0,18000,568,0.100005597,1,0,0,0,899.95,0,0,0,0,forage,search,0
70,13.8,3.429,5.7,6.3,50,240,50,30,800,3,3,19.9,3.569,8.3,10.6,50,180,300,0.66,0.1,1.5,0.99,0.99,0,0,18000,582,0.100005597,1,0,0,0,899.95,0,0,0,0,forage,search,0
75,13.8,3.429,5.7,6.3,50,240,50,30,800,3,3,19.9,3.569,8.3,10.6,50,180,300,0.66,0.1,1.5,0.99,0.99,0,0,5305,568,0.100005597,0,1,0.05,265.2,265.2,378.4371362,164.9858953,0.444781053,0.769260799,escape,pursue,1
71,13.8,3.429,5.7,6.3,50,240,50,30,800,3,3,19.9,3.569,8.3,10.6,50,180,300,0.66,0.1,1.5,0.99,0.99,0,0,18000,584,0.100005597,1,0,0,0,899.95,0,0,0,0,forage,search,0
77,13.8,3.429,5.7,6.3,50,240,50,30,800,3,3,19.9,3.569,8.3,10.6,50,180,300,0.66,0.1,1.5,0.99,0.99,0,0,5985,578,0.100005597,0,1,67.75,231.5,299.2,323.1957492,150.5182157,0.481104264,0.712842086,circle,stalk,1
78,13.8,3.429,5.7,6.3,50,240,50,30,800,3,3,19.9,3.569,8.3,10.6,50,180,300,0.66,0.1,1.5,0.99,0.99,0,0,3011,578,0.100005597,0,1,131.3,19.2,150.5,23.66419922,17.38106378,0.524669158,0.652395011,escape,pursue,1
83,13.8,3.429,5.7,6.3,50,240,50,30,800,3,3,19.9,3.569,8.3,10.6,50,180,300,0.66,0.1,1.5,0.99,0.99,0,0,2596,586,0.100005597,0,1,50,79.8,129.75,104.045441,63.88710926,0.512413539,0.525284102,escape,search,1
72,13.8,3.429,5.7,6.3,50,240,50,30,800,3,3,19.9,3.569,8.3,10.6,50,180,300,0.66,0.1,1.5,0.99,0.99,0,0,18000,586,0.100005597,1,0,0,0,899.95,0,0,0,0,forage,search,0
80,13.8,3.429,5.7,6.3,50,240,50,30,800,3,3,19.9,3.569,8.3,10.6,50,180,300,0.66,0.1,1.5,0.99,0.99,0,0,7135,580,0.100005597,0,1,275.75,81.05,356.7,159.3367732,69.2823786,0.239151764,0.531335989,escape,pursue,1
74,13.8,3.429,5.7,6.3,50,240,50,30,800,3,3,19.9,3.569,8.3,10.6,50,180,300,0.66,0.1,1.5,0.99,0.99,0,0,17043,571,0.100005597,0,1,590.8,261.35,852.1,359.9808556,165.5178835,0.408705892,0.843697679,escape,pursue,1
86,13.8,3.429,5.7,6.3,50,240,50,30,800,3,3,19.9,3.569,8.3,10.6,50,180,300,0.66,0.1,1.5,0.99,0.99,0,0,5445,581,0.100005597,0,1,30,242.25,272.2,321.1062438,125.5850534,0.409440504,0.990825668,escape,pursue,1
76,13.8,3.429,5.7,6.3,50,240,50,30,800,3,3,19.9,3.569,8.3,10.6,50,180,300,0.66,0.1,1.5,0.99,0.99,0,0,16776,570,0.100005597,0,1,750.05,88.75,838.75,140.6692154,62.65884153,0.509940696,0.449595479,escape,pursue,1
81,13.8,3.429,5.7,6.3,50,240,50,30,800,3,3,19.9,3.569,8.3,10.6,50,180,300,0.66,0.1,1.5,0.99,0.99,0,0,12421,584,0.100005597,0,1,594,27.05,621,43.6943423,16.47386776,0.474135709,0.749307463,escape,pursue,1
85,13.8,3.429,5.7,6.3,50,240,50,30,800,3,3,19.9,3.569,8.3,10.6,50,180,300,0.66,0.1,1.5,0.99,0.99,0,0,9411,578,0.100005597,0,1,305.75,164.8,470.5,226.4717261,151.7213466,0.338505672,0.447863527,escape,pursue,1
79,13.8,3.429,5.7,6.3,50,240,50,30,800,3,3,19.9,3.569,8.3,10.6,50,180,300,0.66,0.1,1.5,0.99,0.99,0,0,18000,564,0.100005597,1,0,0,0,899.95,0,0,0,0,forage,search,0
82,13.8,3.429,5.7,6.3,50,240,50,30,800,3,3,19.9,3.569,8.3,10.6,50,180,300,0.66,0.1,1.5,0.99,0.99,0,0,18000,581,0.100005597,1,0,0,0,899.95,0,0,0,0,forage,search,0
84,13.8,3.429,5.7,6.3,50,240,50,30,800,3,3,19.9,3.569,8.3,10.6,50,180,300,0.66,0.1,1.5,0.99,0.99,0,0,18000,568,0.100005597,1,0,848.65,51.35,899.95,73.96715893,32.58459167,0.340122268,1.076054263,circle,stalk,1
92,13.8,3.429,5.7,6.3,50,240,50,30,800,3,3,19.9,3.569,8.3,10.6,50,180,300,0.66,0.1,1.5,0.99,0.99,0,0,7955,565,0.100005597,0,1,308.9,88.9,397.7,122.1561421,76.93473203,0.403109205,0.559185492,escape,pursue,1
87,13.8,3.429,5.7,6.3,50,240,50,30,800,3,3,19.9,3.569,8.3,10.6,50,180,300,0.66,0.1,1.5,0.99,0.99,0,0,18000,571,0.100005597,1,0,899.95,0,899.95,0,0,0,0,forage,search,1
88,13.8,3.429,5.7,6.3,50,240,50,30,800,3,3,19.9,3.569,8.3,10.6,50,180,300,0.66,0.1,1.5,0.99,0.99,0,0,18000,571,0.100005597,1,0,0,0,899.95,0,0,0,0,forage,search,0
89,13.8,3.429,5.7,6.3,50,240,50,30,800,3,3,19.9,3.569,8.3,10.6,50,180,300,0.66,0.1,1.5,0.99,0.99,0,0,18000,581,0.100005597,1,0,0,0,899.95,0,0,0,0,forage,search,0
90,13.8,3.429,5.7,6.3,50,240,50,30,800,3,3,19.9,3.569,8.3,10.6,50,180,300,0.66,0.1,1.5,0.99,0.99,0,0,18000,578,0.100005597,1,0,0,0,899.95,0,0,0,0,forage,search,0
93,13.8,3.429,5.7,6.3,50,240,50,30,800,3,3,19.9,3.569,8.3,10.6,50,180,300,0.66,0.1,1.5,0.99,0.99,0,0,13080,576,0.100005597,0,1,538.75,115.25,653.95,152.6935605,83.76790273,0.635909708,0.486474768,escape,search,1
91,13.8,3.429,5.7,6.3,50,240,50,30,800,3,3,19.9,3.569,8.3,10.6,50,180,300,0.66,0.1,1.5,0.99,0.99,0,0,18000,574,0.100005597,1,0,0,0,899.95,0,0,0,0,forage,search,0
98,13.8,3.429,5.7,6.3,50,240,50,30,800,3,3,19.9,3.569,8.3,10.6,50,180,300,0.66,0.1,1.5,0.99,0.99,0,0,4222,576,0.100005597,0,1,104.9,106.2,211.05,145.3250434,68.80077744,0.468818938,0.796553816,escape,pursue,1
95,13.8,3.429,5.7,6.3,50,240,50,30,800,3,3,19.9,3.569,8.3,10.6,50,180,300,0.66,0.1,1.5,0.99,0.99,0,0,8647,578,0.100005597,0,1,393.55,38.8,432.3,56.99192532,46.41529361,0.385150899,0.344874374,escape,pursue,1
94,13.8,3.429,5.7,6.3,50,240,50,30,800,3,3,19.9,3.569,8.3,10.6,50,180,300,0.66,0.1,1.5,0.99,0.99,0,0,18000,568,0.100005597,1,0,0,0,899.95,0,0,0,0,forage,search,0
100,13.8,3.429,5.7,6.3,50,240,50,30,800,3,3,19.9,3.569,8.3,10.6,50,180,300,0.66,0.1,1.5,0.99,0.99,0,0,10922,571,0.100005597,0,1,528.8,17.3,546.05,31.14021681,31.31838849,0.19086421,0.179884463,escape,pursue,1
96,13.8,3.429,5.7,6.3,50,240,50,30,800,3,3,19.9,3.569,8.3,10.6,50,180,300,0.66,0.1,1.5,0.99,0.99,0,0,18000,576,0.100005597,1,0,0,0,899.95,0,0,0,0,forage,search,0
97,13.8,3.429,5.7,6.3,50,240,50,30,800,3,3,19.9,3.569,8.3,10.6,50,180,300,0.66,0.1,1.5,0.99,0.99,0,0,18000,559,0.100005597,1,0,805,37.85,899.95,88.6316806,29.82787148,0.132066236,0.493185456,escape,pursue,1
99,13.8,3.429,5.7,6.3,50,240,50,30,800,3,3,19.9,3.569,8.3,10.6,50,180,300,0.66,0.1,1.5,0.99,0.99,0,0,18000,563,0.100005597,1,0,0,0,899.95,0,0,0,0,forage,search,0
1,13.8,3.429,5.7,6.3,50,240,50,30,800,3,3,19.9,3.569,8.3,10.6,50,180,300,0.66,0.1,1.5,0.99,0.99,0,0,3813,579,0.100005597,0,1,104.15,86.45,190.6,151.7871798,50.64923485,0.3433315,0.999113665,escape,pursue,1
2,13.8,3.429,5.7,6.3,50,240,50,30,800,3,3,19.9,3.569,8.3,10.6,50,180,300,0.66,0.1,1.5,0.99,0.99,0,0,15346,562,0.100005597,0,1,482.3,275.15,767.25,425.3292566,203.6049552,0.330656809,0.549817397,escape,pursue,1
4,13.8,3.429,5.7,6.3,50,240,50,30,800,3,3,19.9,3.569,8.3,10.6,50,180,300,0.66,0.1,1.5,0.99,0.99,0,0,11396,573,0.100005597,0,1,545.15,24.65,569.75,32.86587743,29.31631,0.333527436,0.471190018,escape,pursue,1
5,13.8,3.429,5.7,6.3,50,240,50,30,800,3,3,19.9,3.569,8.3,10.6,50,180,300,0.66,0.1,1.5,0.99,0.99,0,0,15698,570,0.100005597,0,1,736.95,47.95,784.85,60.38614866,41.88308531,0.369615429,0.563922452,escape,pursue,1
7,13.8,3.429,5.7,6.3,50,240,50,30,800,3,3,19.9,3.569,8.3,10.6,50,180,300,0.66,0.1,1.5,0.99,0.99,0,0,14656,574,0.100005597,0,1,689.35,43.5,732.75,58.86663588,26.37000854,0.626534165,0.886440343,escape,pursue,1
9,13.8,3.429,5.7,6.3,50,240,50,30,800,3,3,19.9,3.569,8.3,10.6,50,180,300,0.66,0.1,1.5,0.99,0.99,0,0,10786,570,0.100005597,0,1,443.05,96.2,539.25,115.6207483,74.00213542,0.596484225,0.69651578,circle,search,1
8,13.8,3.429,5.7,6.3,50,240,50,30,800,3,3,19.9,3.569,8.3,10.6,50,180,300,0.66,0.1,1.5,0.99,0.99,0,0,18000,574,0.100005597,1,0,0,0,899.95,0,0,0,0,forage,search,0
6,13.8,3.429,5.7,6.3,50,240,50,30,800,3,3,19.9,3.569,8.3,10.6,50,180,300,0.66,0.1,1.5,0.99,0.99,0,0,18000,571,0.100005597,1,0,869.6,30.4,899.95,66.40508718,21.9708505,0.229858728,0.674728087,escape,pursue,1
14,13.8,3.429,5.7,6.3,50,240,50,30,800,3,3,19.9,3.569,8.3,10.6,50,180,300,0.66,0.1,1.5,0.99,0.99,0,0,2123,574,0.100005597,0,1,25,81.15,106.1,122.175282,71.30683097,0.382288882,0.566505694,escape,pursue,1
13,13.8,3.429,5.7,6.3,50,240,50,30,800,3,3,19.9,3.569,8.3,10.6,50,180,300,0.66,0.1,1.5,0.99,0.99,0,0,6668,568,0.100005597,0,1,95.45,237.95,333.35,396.1323967,66.07598823,0.316169352,0.538545404,escape,search,1
3,13.8,3.429,5.7,6.3,50,240,50,30,800,3,3,19.9,3.569,8.3,10.6,50,180,300,0.66,0.1,1.5,0.99,0.99,0,0,18000,571,0.100005597,1,0,899.45,0,899.95,0,0,0,0,forage,search,1
10,13.8,3.429,5.7,6.3,50,240,50,30,800,3,3,19.9,3.569,8.3,10.6,50,180,300,0.66,0.1,1.5,0.99,0.99,0,0,9967,573,0.100005597,0,1,469,29.3,498.3,48.55213012,29.31752653,0.430504311,0.427612903,escape,pursue,1
12,13.8,3.429,5.7,6.3,50,240,50,30,800,3,3,19.9,3.569,8.3,10.6,50,180,300,0.66,0.1,1.5,0.99,0.99,0,0,18000,563,0.100005597,1,0,696.25,203.75,899.95,299.9857234,122.7969156,0.407642623,0.706362289,escape,pursue,1
20,13.8,3.429,5.7,6.3,50,240,50,30,800,3,3,19.9,3.569,8.3,10.6,50,180,300,0.66,0.1,1.5,0.99,0.99,0,0,5179,563,0.100005597,0,1,151.9,107.05,258.9,125.163345,68.03795631,0.610184475,0.770320174,escape,pursue,1
15,13.8,3.429,5.7,6.3,50,240,50,30,800,3,3,19.9,3.569,8.3,10.6,50,180,300,0.66,0.1,1.5,0.99,0.99,0,0,12612,577,0.100005597,0,1,541.05,89.55,630.55,118.2410012,69.06751961,0.539374562,0.478218817,escape,pursue,1
11,13.8,3.429,5.7,6.3,50,240,50,30,800,3,3,19.9,3.569,8.3,10.6,50,180,300,0.66,0.1,1.5,0.99,0.99,0,0,18000,572,0.100005597,1,0,0,0,899.95,0,0,0,0,forage,search,0
17,13.8,3.429,5.7,6.3,50,240,50,30,800,3,3,19.9,3.569,8.3,10.6,50,180,300,0.66,0.1,1.5,0.99,0.99,0,0,11959,575,0.100005597,0,1,513.95,84,597.9,139.5417253,69.76821984,0.321804114,0.530132196,escape,pursue,1
22,13.8,3.429,5.7,6.3,50,240,50,30,800,3,3,19.9,3.569,8.3,10.6,50,180,300,0.66,0.1,1.5,0.99,0.99,0,0,5618,560,0.100005597,0,1,15.8,265.1,280.85,427.3286128,88.13338181,0.307097639,0.828823479,escape,pursue,1
24,13.8,3.429,5.7,6.3,50,240,50,30,800,3,3,19.9,3.569,8.3,10.6,50,180,300,0.66,0.1,1.5,0.99,0.99,0,0,2792,579,0.100005597,0,1,35.35,104.3,139.55,158.1464211,79.70805156,0.394563699,0.608244852,escape,pursue,1
16,13.8,3.429,5.7,6.3,50,240,50,30,800,3,3,19.9,3.569,8.3,10.6,50,180,300,0.66,0.1,1.5,0.99,0.99,0,0,18000,574,0.100005597,1,0,852.3,47.7,899.95,102.2581089,54.31606197,0.138594328,0.373335839,escape,pursue,1
19,13.8,3.429,5.7,6.3,50,240,50,30,800,3,3,19.9,3.569,8.3,10.6,50,180,300,0.66,0.1,1.5,0.99,0.99,0,0,13348,581,0.100005597,0,1,662.35,5.05,667.35,8.820267657,14.85478976,0.216711241,0.07511242,escape,pursue,1
25,13.8,3.429,5.7,6.3,50,240,50,30,800,3,3,19.9,3.569,8.3,10.6,50,180,300,0.66,0.1,1.5,0.99,0.99,0,0,4845,568,0.100005597,0,1,185.9,56.45,242.2,82.38846984,62.18801603,0.386037521,0.383502551,escape,pursue,1
18,13.8,3.429,5.7,6.3,50,240,50,30,800,3,3,19.9,3.569,8.3,10.6,50,180,300,0.66,0.1,1.5,0.99,0.99,0,0,18000,565,0.100005597,1,0,0,0,899.95,0,0,0,0,forage,search,0
29,13.8,3.429,5.7,6.3,50,240,50,30,800,3,3,19.9,3.569,8.3,10.6,50,180,300,0.66,0.1,1.5,0.99,0.99,0,0,11402,575,0.100005597,0,1,0.05,365.1,570.05,595.1408432,119.7772391,0.341538857,0.699890615,escape,pursue,1
21,13.8,3.429,5.7,6.3,50,240,50,30,800,3,3,19.9,3.569,8.3,10.6,50,180,300,0.66,0.1,1.5,0.99,0.99,0,0,18000,577,0.100005597,1,0,0,0,899.95,0,0,0,0,forage,search,0
23,13.8,3.429,5.7,6.3,50,240,50,30,800,3,3,19.9,3.569,8.3,10.6,50,180,300,0.66,0.1,1.5,0.99,0.99,0,0,18000,578,0.100005597,1,0,0,0,899.95,0,0,0,0,forage,search,0
33,13.8,3.429,5.7,6.3,50,240,50,30,800,3,3,19.9,3.569,8.3,10.6,50,180,300,0.66,0.1,1.5,0.99,0.99,0,0,1429,571,0.100005597,0,1,19.3,52.15,71.4,81.69094486,53.95815988,0.329016496,0.387301239,escape,pursue,1
26,13.8,3.429,5.7,6.3,50,240,50,30,800,3,3,19.9,3.569,8.3,10.6,50,180,300,0.66,0.1,1.5,0.99,0.99,0,0,18000,571,0.100005597,1,0,0,0,899.95,0,0,0,0,forage,search,0
27,13.8,3.429,5.7,6.3,50,240,50,30,800,3,3,19.9,3.569,8.3,10.6,50,180,300,0.66,0.1,1.5,0.99,0.99,0,0,18000,566,0.100005597,1,0,0,0,899.95,0,0,0,0,forage,search,0
28,13.8,3.429,5.7,6.3,50,240,50,30,800,3,3,19.9,3.569,8.3,10.6,50,180,300,0.66,0.1,1.5,0.99,0.99,0,0,18000,577,0.100005597,1,0,0,0,899.95,0,0,0,0,forage,search,0
37,13.8,3.429,5.7,6.3,50,240,50,30,800,3,3,19.9,3.569,8.3,10.6,50,180,300,0.66,0.1,1.5,0.99,0.99,0,0,3336,575,0.100005597,0,1,0.2,166.6,166.75,258.6454739,108.8313901,0.400199824,0.651121092,escape,pursue,1
30,13.8,3.429,5.7,6.3,50,240,50,30,800,3,3,19.9,3.569,8.3,10.6,50,180,300,0.66,0.1,1.5,0.99,0.99,0,0,18000,568,0.100005597,1,0,0,0,899.95,0,0,0,0,forage,search,0
31,13.8,3.429,5.7,6.3,50,240,50,30,800,3,3,19.9,3.569,8.3,10.6,50,180,300,0.66,0.1,1.5,0.99,0.99,0,0,18000,573,0.100005597,1,0,0,0,899.95,0,0,0,0,forage,search,0
32,13.8,3.429,5.7,6.3,50,240,50,30,800,3,3,19.9,3.569,8.3,10.6,50,180,300,0.66,0.1,1.5,0.99,0.99,0,0,18000,576,0.100005597,1,0,899.95,0,899.95,0,0,0,0,forage,search,1
35,13.8,3.429,5.7,6.3,50,240,50,30,800,3,3,19.9,3.569,8.3,10.6,50,180,300,0.66,0.1,1.5,0.99,0.99,0,0,18000,584,0.100005597,1,0,0,0,899.95,0,0,0,0,forage,search,0
34,13.8,3.429,5.7,6.3,50,240,50,30,800,3,3,19.9,3.569,8.3,10.6,50,180,300,0.66,0.1,1.5,0.99,0.99,0,0,18000,564,0.100005597,1,0,0,0,899.95,0,0,0,0,forage,search,0
36,13.8,3.429,5.7,6.3,50,240,50,30,800,3,3,19.9,3.569,8.3,10.6,50,180,300,0.66,0.1,1.5,0.99,0.99,0,0,18000,578,0.100005597,1,0,0,0,899.95,0,0,0,0,forage,search,0
38,13.8,3.429,5.7,6.3,50,240,50,30,800,3,3,19.9,3.569,8.3,10.6,50,180,300,0.66,0.1,1.5,0.99,0.99,0,0,18000,574,0.100005597,1,0,899.95,0,899.95,0,0,0,0,forage,search,1
39,13.8,3.429,5.7,6.3,50,240,50,30,800,3,3,19.9,3.569,8.3,10.6,50,180,300,0.66,0.1,1.5,0.99,0.99,0,0,18000,574,0.100005597,1,0,0,0,899.95,0,0,0,0,forage,search,0
40,13.8,3.429,5.7,6.3,50,240,50,30,800,3,3,19.9,3.569,8.3,10.6,50,180,300,0.66,0.1,1.5,0.99,0.99,0,0,18000,566,0.100005597,1,0,0,0,899.95,0,0,0,0,forage,search,0
41,13.8,3.429,5.7,6.3,50,240,50,30,800,3,3,19.9,3.569,8.3,10.6,50,180,300,0.66,0.1,1.5,0.99,0.99,0,0,18000,571,0.100005597,1,0,0,0,899.95,0,0,0,0,forage,search,0
47,13.8,3.429,5.7,6.3,50,240,50,30,800,3,3,19.9,3.569,8.3,10.6,50,180,300,0.66,0.1,1.5,0.99,0.99,0,0,3601,586,0.100005597,0,1,38.05,142,180,223.773418,116.4519729,0.30243489,0.548152252,escape,pursue,1
48,13.8,3.429,5.7,6.3,50,240,50,30,800,3,3,19.9,3.569,8.3,10.6,50,180,300,0.66,0.1,1.5,0.99,0.99,0,0,3126,576,0.100005597,0,1,133.35,22.95,156.25,30.65547351,19.36550713,0.39327464,0.61529213,escape,pursue,1
49,13.8,3.429,5.7,6.3,50,240,50,30,800,3,3,19.9,3.569,8.3,10.6,50,180,300,0.66,0.1,1.5,0.99,0.99,0,0,3865,570,0.100005597,0,1,158.6,34.65,193.2,54.2556318,35.64783112,0.34216549,0.330952001,escape,pursue,1
50,13.8,3.429,5.7,6.3,50,240,50,30,800,3,3,19.9,3.569,8.3,10.6,50,180,300,0.66,0.1,1.5,0.99,0.99,0,0,2558,579,0.100005597,0,1,59.7,68.15,127.85,116.7060308,45.83727544,0.381560316,0.768267266,escape,pursue,1
43,13.8,3.429,5.7,6.3,50,240,50,30,800,3,3,19.9,3.569,8.3,10.6,50,180,300,0.66,0.1,1.5,0.99,0.99,0,0,18000,565,0.100005597,1,0,0,0,899.95,0,0,0,0,forage,search,0
44,13.8,3.429,5.7,6.3,50,240,50,30,800,3,3,19.9,3.569,8.3,10.6,50,180,300,0.66,0.1,1.5,0.99,0.99,0,0,18000,572,0.100005597,1,0,0,0,899.95,0,0,0,0,forage,search,0
42,13.8,3.429,5.7,6.3,50,240,50,30,800,3,3,19.9,3.569,8.3,10.6,50,180,300,0.66,0.1,1.5,0.99,0.99,0,0,18000,571,0.100005597,1,0,0,0,899.95,0,0,0,0,forage,search,0
51,13.8,3.429,5.7,6.3,50,240,50,30,800,3,3,19.9,3.569,8.3,10.6,50,180,300,0.66,0.1,1.5,0.99,0.99,0,0,4817,571,0.100005597,0,1,73.75,167.1,240.8,251.776645,146.888434,0.358475445,0.503926342,escape,pursue,1
52,13.8,3.429,5.7,6.3,50,240,50,30,800,3,3,19.9,3.569,8.3,10.6,50,180,300,0.66,0.1,1.5,0.99,0.99,0,0,4971,576,0.100005597,0,1,150,98.55,248.5,143.045175,46.26578627,0.345140509,1.022526674,escape,pursue,1
56,13.8,3.429,5.7,6.3,50,240,50,30,800,3,3,19.9,3.569,8.3,10.6,50,180,300,0.66,0.1,1.5,0.99,0.99,0,0,2767,579,0.100005597,0,1,29.45,108.9,138.3,139.6975666,79.48546392,0.449818908,0.630526882,escape,pursue,1
45,13.8,3.429,5.7,6.3,50,240,50,30,800,3,3,19.9,3.569,8.3,10.6,50,180,300,0.66,0.1,1.5,0.99,0.99,0,0,18000,566,0.100005597,1,0,0,0,899.95,0,0,0,0,forage,search,0
57,13.8,3.429,5.7,6.3,50,240,50,30,800,3,3,19.9,3.569,8.3,10.6,50,180,300,0.66,0.1,1.5,0.99,0.99,0,0,1996,574,0.100005597,0,1,6.1,93.7,99.75,152.6967629,60.24399219,0.368549006,0.725096649,escape,pursue,1
58,13.8,3.429,5.7,6.3,50,240,50,30,800,3,3,19.9,3.569,8.3,10.6,50,180,300,0.66,0.1,1.5,0.99,0.99,0,0,2567,567,0.100005597,0,1,0.05,128.3,128.3,180.3541177,107.7534383,0.416650679,0.59450333,escape,pursue,1
46,13.8,3.429,5.7,6.3,50,240,50,30,800,3,3,19.9,3.569,8.3,10.6,50,180,300,0.66,0.1,1.5,0.99,0.99,0,0,18000,573,0.100005597,1,0,0,0,899.95,0,0,0,0,forage,search,0
59,13.8,3.429,5.7,6.3,50,240,50,30,800,3,3,19.9,3.569,8.3,10.6,50,180,300,0.66,0.1,1.5,0.99,0.99,0,0,3684,579,0.100005597,0,1,1.1,183.1,184.15,318.7670577,160.2292122,0.262753066,0.541644864,escape,pursue,1
60,13.8,3.429,5.7,6.3,50,240,50,30,800,3,3,19.9,3.569,8.3,10.6,50,180,300,0.66,0.1,1.5,0.99,0.99,0,0,1136,578,0.100005597,0,1,29.05,27.75,56.75,46.73976611,19.18996235,0.360864705,0.79401711,escape,pursue,1
62,13.8,3.429,5.7,6.3,50,240,50,30,800,3,3,19.9,3.569,8.3,10.6,50,180,300,0.66,0.1,1.5,0.99,0.99,0,0,2309,577,0.100005597,0,1,20.7,95.4,115.4,134.5101912,68.11008142,0.398114454,0.72465059,escape,pursue,1
64,13.8,3.429,5.7,6.3,50,240,50,30,800,3,3,19.9,3.569,8.3,10.6,50,180,300,0.66,0.1,1.5,0.99,0.99,0,0,6258,569,0.100005597,0,1,39.35,273.55,312.85,354.1540713,148.0106517,0.449806074,1.013368937,escape,pursue,1
54,13.8,3.429,5.7,6.3,50,240,50,30,800,3,3,19.9,3.569,8.3,10.6,50,180,300,0.66,0.1,1.5,0.99,0.99,0,0,18000,563,0.100005597,1,0,0,0,899.95,0,0,0,0,forage,search,0
66,13.8,3.429,5.7,6.3,50,240,50,30,800,3,3,19.9,3.569,8.3,10.6,50,180,300,0.66,0.1,1.5,0.99,0.99,0,0,6585,578,0.100005597,0,1,259.4,69.85,329.2,88.68639188,37.63502674,0.651990843,0.668114735,circle,stalk,1
65,13.8,3.429,5.7,6.3,50,240,50,30,800,3,3,19.9,3.569,8.3,10.6,50,180,300,0.66,0.1,1.5,0.99,0.99,0,0,10347,575,0.100005597,0,1,309.85,207.45,517.3,315.7578257,169.7377979,0.345346162,0.620456743,escape,pursue,1
53,13.8,3.429,5.7,6.3,50,240,50,30,800,3,3,19.9,3.569,8.3,10.6,50,180,300,0.66,0.1,1.5,0.99,0.99,0,0,18000,572,0.100005597,1,0,0,0,899.95,0,0,0,0,forage,search,0
55,13.8,3.429,5.7,6.3,50,240,50,30,800,3,3,19.9,3.569,8.3,10.6,50,180,300,0.66,0.1,1.5,0.99,0.99,0,0,18000,573,0.100005597,1,0,0,0,899.95,0,0,0,0,forage,search,0
71,13.8,3.429,5.7,6.3,50,240,50,30,800,3,3,19.9,3.569,8.3,10.6,50,180,300,0.66,0.1,1.5,0.99,0.99,0,0,828,558,0.100005597,0,1,20.55,20.85,41.35,24.85821997,20.61743815,0.495854023,0.510348714,escape,pursue,1
61,13.8,3.429,5.7,6.3,50,240,50,30,800,3,3,19.9,3.569,8.3,10.6,50,180,300,0.66,0.1,1.5,0.99,0.99,0,0,18000,576,0.100005597,1,0,874.2,25.8,899.95,50.23713537,14.39057998,0.338157702,0.959516035,escape,pursue,1
63,13.8,3.429,5.7,6.3,50,240,50,30,800,3,3,19.9,3.569,8.3,10.6,50,180,300,0.66,0.1,1.5,0.99,0.99,0,0,18000,573,0.100005597,1,0,0,0,899.95,0,0,0,0,forage,search,0
70,13.8,3.429,5.7,6.3,50,240,50,30,800,3,3,19.9,3.569,8.3,10.6,50,180,300,0.66,0.1,1.5,0.99,0.99,0,0,16098,573,0.100005597,1,0,255.45,533.2,804.85,800.0370143,299.9846703,0.402663656,0.752739518,exhausted,pursue,1
73,13.8,3.429,5.7,6.3,50,240,50,30,800,3,3,19.9,3.569,8.3,10.6,50,180,300,0.66,0.1,1.5,0.99,0.99,0,0,9316,578,0.100005597,0,1,201.5,264.3,465.75,361.0225695,209.3440297,0.430004202,0.553392464,escape,pursue,1
68,13.8,3.429,5.7,6.3,50,240,50,30,800,3,3,19.9,3.569,8.3,10.6,50,180,300,0.66,0.1,1.5,0.99,0.99,0,0,13174,573,0.100005597,0,1,511.4,147.3,658.65,221.2064494,127.6377011,0.361529693,0.552914794,escape,pursue,1
67,13.8,3.429,5.7,6.3,50,240,50,30,800,3,3,19.9,3.569,8.3,10.6,50,180,300,0.66,0.1,1.5,0.99,0.99,0,0,18000,571,0.100005597,1,0,0,0,899.95,0,0,0,0,forage,search,0
77,13.8,3.429,5.7,6.3,50,240,50,30,800,3,3,19.9,3.569,8.3,10.6,50,180,300,0.66,0.1,1.5,0.99,0.99,0,0,4978,573,0.100005597,0,1,0.3,248.85,248.85,347.4923152,90.06043213,0.41679408,0.736949143,escape,pursue,1
78,13.8,3.429,5.7,6.3,50,240,50,30,800,3,3,19.9,3.569,8.3,10.6,50,180,300,0.66,0.1,1.5,0.99,0.99,0,0,6336,565,0.100005597,0,1,121.5,195.25,316.75,284.162584,164.5044825,0.412600567,0.531880375,escape,pursue,1
69,13.8,3.429,5.7,6.3,50,240,50,30,800,3,3,19.9,3.569,8.3,10.6,50,180,300,0.66,0.1,1.5,0.99,0.99,0,0,18000,571,0.100005597,1,0,884.95,15.05,899.95,35.11101016,14.60633306,0.237519617,0.493752386,escape,pursue,1
72,13.8,3.429,5.7,6.3,50,240,50,30,800,3,3,19.9,3.569,8.3,10.6,50,180,300,0.66,0.1,1.5,0.99,0.99,0,0,18000,586,0.100005597,1,0,0,0,899.95,0,0,0,0,forage,search,0
80,13.8,3.429,5.7,6.3,50,240,50,30,800,3,3,19.9,3.569,8.3,10.6,50,180,300,0.66,0.1,1.5,0.99,0.99,0,0,6644,578,0.100005597,0,1,153.4,178.8,332.15,271.2103,127.1020458,0.389898177,0.610722833,escape,pursue,1
79,13.8,3.429,5.7,6.3,50,240,50,30,800,3,3,19.9,3.569,8.3,10.6,50,180,300,0.66,0.1,1.5,0.99,0.99,0,0,6259,579,0.100005597,0,1,279.95,33,312.9,42.06362021,32.79493177,0.345656058,0.447152911,escape,pursue,1
82,13.8,3.429,5.7,6.3,50,240,50,30,800,3,3,19.9,3.569,8.3,10.6,50,180,300,0.66,0.1,1.5,0.99,0.99,0,0,8707,578,0.100005597,0,1,76.9,358.45,435.3,531.8253258,240.016315,0.389359416,0.725044057,escape,pursue,1
74,13.8,3.429,5.7,6.3,50,240,50,30,800,3,3,19.9,3.569,8.3,10.6,50,180,300,0.66,0.1,1.5,0.99,0.99,0,0,18000,564,0.100005597,1,0,0,0,899.95,0,0,0,0,forage,search,0
81,13.8,3.429,5.7,6.3,50,240,50,30,800,3,3,19.9,3.569,8.3,10.6,50,180,300,0.66,0.1,1.5,0.99,0.99,0,0,9503,567,0.100005597,0,1,351.5,122.8,475.1,161.7642189,99.22508754,0.413890234,0.594213111,escape,pursue,1
75,13.8,3.429,5.7,6.3,50,240,50,30,800,3,3,19.9,3.569,8.3,10.6,50,180,300,0.66,0.1,1.5,0.99,0.99,0,0,18000,579,0.100005597,1,0,0,0,899.95,0,0,0,0,forage,search,0
76,13.8,3.429,5.7,6.3,50,240,50,30,800,3,3,19.9,3.569,8.3,10.6,50,180,300,0.66,0.1,1.5,0.99,0.99,0,0,18000,570,0.100005597,1,0,854.3,45.7,899.95,64.59649418,38.77952135,0.287567454,0.560514029,escape,pursue,1
88,13.8,3.429,5.7,6.3,50,240,50,30,800,3,3,19.9,3.569,8.3,10.6,50,180,300,0.66,0.1,1.5,0.99,0.99,0,0,5628,558,0.100005597,0,1,129.4,152,281.35,213.7816757,120.7440915,0.387054049,0.506536712,escape,pursue,1
83,13.8,3.429,5.7,6.3,50,240,50,30,800,3,3,19.9,3.569,8.3,10.6,50,180,300,0.66,0.1,1.5,0.99,0.99,0,0,13463,565,0.100005597,0,1,628,45.15,673.1,73.13538355,43.38063925,0.315078675,0.47859838,escape,pursue,1
86,13.8,3.429,5.7,6.3,50,240,50,30,800,3,3,19.9,3.569,8.3,10.6,50,180,300,0.66,0.1,1.5,0.99,0.99,0,0,9691,565,0.100005597,0,1,349.95,134.6,484.5,212.3833462,112.1184125,0.318008719,0.60579695,escape,pursue,1
84,13.8,3.429,5.7,6.3,50,240,50,30,800,3,3,19.9,3.569,8.3,10.6,50,180,300,0.66,0.1,1.5,0.99,0.99,0,0,18000,564,0.100005597,1,0,808.4,91.6,899.95,158.7794498,26.33480095,0.296849163,1.009174867,escape,search,1
92,13.8,3.429,5.7,6.3,50,240,50,30,800,3,3,19.9,3.569,8.3,10.6,50,180,300,0.66,0.1,1.5,0.99,0.99,0,0,5532,570,0.100005597,0,1,182.75,93.8,276.55,127.6120653,73.06930936,0.413683374,0.614001507,escape,pursue,1
85,13.8,3.429,5.7,6.3,50,240,50,30,800,3,3,19.9,3.569,8.3,10.6,50,180,300,0.66,0.1,1.5,0.99,0.99,0,0,18000,574,0.100005597,1,0,0,0,899.95,0,0,0,0,forage,search,0
95,13.8,3.429,5.7,6.3,50,240,50,30,800,3,3,19.9,3.569,8.3,10.6,50,180,300,0.66,0.1,1.5,0.99,0.99,0,0,826,570,0.100005597,0,1,0.05,41.2,41.25,52.39889388,39.85655723,0.556689395,0.565466084,escape,pursue,1
87,13.8,3.429,5.7,6.3,50,240,50,30,800,3,3,19.9,3.569,8.3,10.6,50,180,300,0.66,0.1,1.5,0.99,0.99,0,0,18000,571,0.100005597,1,0,0,0,899.95,0,0,0,0,forage,search,0
89,13.8,3.429,5.7,6.3,50,240,50,30,800,3,3,19.9,3.569,8.3,10.6,50,180,300,0.66,0.1,1.5,0.99,0.99,0,0,18000,574,0.100005597,1,0,0,0,899.95,0,0,0,0,forage,search,0
96,13.8,3.429,5.7,6.3,50,240,50,30,800,3,3,19.9,3.569,8.3,10.6,50,180,300,0.66,0.1,1.5,0.99,0.99,0,0,3364,572,0.100005597,0,1,92.7,75.5,168.15,97.35785878,56.54840776,0.485017034,0.665918648,escape,pursue,1
91,13.8,3.429,5.7,6.3,50,240,50,30,800,3,3,19.9,3.569,8.3,10.6,50,180,300,0.66,0.1,1.5,0.99,0.99,0,0,18000,574,0.100005597,1,0,0,0,899.95,0,0,0,0,forage,search,0
93,13.8,3.429,5.7,6.3,50,240,50,30,800,3,3,19.9,3.569,8.3,10.6,50,180,300,0.66,0.1,1.5,0.99,0.99,0,0,18000,580,0.100005597,1,0,659.6,240.35,899.95,307.7376931,138.8936918,0.449407966,0.891756577,escape,pursue,1
90,13.8,3.429,5.7,6.3,50,240,50,30,800,3,3,19.9,3.569,8.3,10.6,50,180,300,0.66,0.1,1.5,0.99,0.99,0,0,18000,578,0.100005597,1,0,899.95,0,899.95,0,0,0,0,forage,search,1
94,13.8,3.429,5.7,6.3,50,240,50,30,800,3,3,19.9,3.569,8.3,10.6,50,180,300,0.66,0.1,1.5,0.99,0.99,0,0,18000,572,0.100005597,1,0,0,0,899.95,0,0,0,0,forage,search,0
97,13.8,3.429,5.7,6.3,50,240,50,30,800,3,3,19.9,3.569,8.3,10.6,50,180,300,0.66,0.1,1.5,0.99,0.99,0,0,18000,572,0.100005597,1,0,0,0,899.95,0,0,0,0,forage,search,0
98,13.8,3.429,5.7,6.3,50,240,50,30,800,3,3,19.9,3.569,8.3,10.6,50,180,300,0.66,0.1,1.5,0.99,0.99,0,0,18000,576,0.100005597,1,0,0,0,899.95,0,0,0,0,forage,search,0
99,13.8,3.429,5.7,6.3,50,240,50,30,800,3,3,19.9,3.569,8.3,10.6,50,180,300,0.66,0.1,1.5,0.99,0.99,0,0,18000,581,0.100005597,1,0,0,0,899.95,0,0,0,0,forage,search,0
100,13.8,3.429,5.7,6.3,50,240,50,30,800,3,3,19.9,3.569,8.3,10.6,50,180,300,0.66,0.1,1.5,0.99,0.99,0,0,18000,575,0.100005597,1,0,0,0,899.95,0,0,0,0,forage,search,0
6,13.8,3.429,5.7,6.3,50,240,50,30,800,3,3,19.9,3.569,8.3,10.6,50,180,300,0.66,0.1,1.5,0.99,0.99,0,0,2389,586,0.100005597,0,1,76.55,42.9,119.4,69.69854163,44.93332448,0.244849113,0.335054651,escape,pursue,1
4,13.8,3.429,5.7,6.3,50,240,50,30,800,3,3,19.9,3.569,8.3,10.6,50,180,300,0.66,0.1,1.5,0.99,0.99,0,0,10714,573,0.100005597,0,1,96.65,401.25,535.65,599.5116006,228.3409227,0.369426301,0.774648195,escape,pursue,1
7,13.8,3.429,5.7,6.3,50,240,50,30,800,3,3,19.9,3.569,8.3,10.6,50,180,300,0.66,0.1,1.5,0.99,0.99,0,0,18000,576,0.100005597,1,0,14.9,453.5,899.95,800.1205878,27.63231633,0.260016206,0.792655778,exhausted,search,1
3,13.8,3.429,5.7,6.3,50,240,50,30,800,3,3,19.9,3.569,8.3,10.6,50,180,300,0.66,0.1,1.5,0.99,0.99,0,0,14413,590,0.100005597,0,1,231.1,460.8,720.6,800.0700462,196.2264775,0.359427841,0.632315064,exhausted,pursue,1
5,13.8,3.429,5.7,6.3,50,240,50,30,800,3,3,19.9,3.569,8.3,10.6,50,180,300,0.66,0.1,1.5,0.99,0.99,0,0,8062,576,0.100005597,0,1,394.2,8.9,403.05,22.61969721,9.628322794,0.191521966,0.440132323,escape,pursue,1
1,13.8,3.429,5.7,6.3,50,240,50,30,800,3,3,19.9,3.569,8.3,10.6,50,180,300,0.66,0.1,1.5,0.99,0.99,0,0,12993,578,0.100005597,0,1,570.05,79.6,649.6,111.6634203,72.9266596,0.324094576,0.572494203,escape,pursue,1
8,13.8,3.429,5.7,6.3,50,240,50,30,800,3,3,19.9,3.569,8.3,10.6,50,180,300,0.66,0.1,1.5,0.99,0.99,0,0,18000,568,0.100005597,1,0,899.95,0,899.95,0,0,0,0,forage,search,1
2,13.8,3.429,5.7,6.3,50,240,50,30,800,3,3,19.9,3.569,8.3,10.6,50,180,300,0.66,0.1,1.5,0.99,0.99,0,0,18000,581,0.100005597,1,0,0,0,899.95,0,0,0,0,forage,search,0
10,13.8,3.429,5.7,6.3,50,240,50,30,800,3,3,19.9,3.569,8.3,10.6,50,180,300,0.66,0.1,1.5,0.99,0.99,0,0,16513,584,0.100005597,0,1,661.65,162.3,825.6,224.9561858,137.1824586,0.451093607,0.604350604,escape,pursue,1
9,13.8,3.429,5.7,6.3,50,240,50,30,800,3,3,19.9,3.569,8.3,10.6,50,180,300,0.66,0.1,1.5,0.99,0.99,0,0,18000,577,0.100005597,1,0,0,0,899.95,0,0,0,0,forage,search,0
11,13.8,3.429,5.7,6.3,50,240,50,30,800,3,3,19.9,3.569,8.3,10.6,50,180,300,0.66,0.1,1.5,0.99,0.99,0,0,18000,578,0.100005597,1,0,814.45,85.55,899.95,120.0600119,46.34800215,0.530842318,0.840769855,escape,pursue,1
13,13.8,3.429,5.7,6.3,50,240,50,30,800,3,3,19.9,3.569,8.3,10.6,50,180,300,0.66,0.1,1.5,0.99,0.99,0,0,18000,567,0.100005597,1,0,636.65,190.75,899.95,294.3784868,41.20124711,0.355775161,0.712796066,forage,search,1
17,13.8,3.429,5.7,6.3,50,240,50,30,800,3,3,19.9,3.569,8.3,10.6,50,180,300,0.66,0.1,1.5,0.99,0.99,0,0,1877,574,0.100005597,0,1,74.15,19.7,93.8,27.94077994,15.60473313,0.526181621,0.393634665,circle,stalk,1
12,13.8,3.429,5.7,6.3,50,240,50,30,800,3,3,19.9,3.569,8.3,10.6,50,180,300,0.66,0.1,1.5,0.99,0.99,0,0,18000,568,0.100005597,1,0,0,0,899.95,0,0,0,0,forage,search,0
14,13.8,3.429,5.7,6.3,50,240,50,30,800,3,3,19.9,3.569,8.3,10.6,50,180,300,0.66,0.1,1.5,0.99,0.99,0,0,18000,569,0.100005597,1,0,0,0,899.95,0,0,0,0,forage,search,0
20,13.8,3.429,5.7,6.3,50,240,50,30,800,3,3,19.9,3.569,8.3,10.6,50,180,300,0.66,0.1,1.5,0.99,0.99,0,0,10091,571,0.100005597,0,1,189.85,314.55,504.5,451.7257706,141.728248,0.445596881,0.540526081,escape,pursue,1
15,13.8,3.429,5.7,6.3,50,240,50,30,800,3,3,19.9,3.569,8.3,10.6,50,180,300,0.66,0.1,1.5,0.99,0.99,0,0,18000,568,0.100005597,1,0,0,0,899.95,0,0,0,0,forage,search,0
16,13.8,3.429,5.7,6.3,50,240,50,30,800,3,3,19.9,3.569,8.3,10.6,50,180,300,0.66,0.1,1.5,0.99,0.99,0,0,18000,581,0.100005597,1,0,0,0,899.95,0,0,0,0,forage,search,0
18,13.8,3.429,5.7,6.3,50,240,50,30,800,3,3,19.9,3.569,8.3,10.6,50,180,300,0.66,0.1,1.5,0.99,0.99,0,0,18000,574,0.100005597,1,0,0,0,899.95,0,0,0,0,forage,search,0
19,13.8,3.429,5.7,6.3,50,240,50,30,800,3,3,19.9,3.569,8.3,10.6,50,180,300,0.66,0.1,1.5,0.99,0.99,0,0,18000,570,0.100005597,1,0,0,0,899.95,0,0,0,0,forage,search,0
23,13.8,3.429,5.7,6.3,50,240,50,30,800,3,3,19.9,3.569,8.3,10.6,50,180,300,0.66,0.1,1.5,0.99,0.99,0,0,16299,566,0.100005597,0,1,333.55,481.35,814.9,729.8191449,169.6986879,0.38940723,0.710961243,escape,search,1
21,13.8,3.429,5.7,6.3,50,240,50,30,800,3,3,19.9,3.569,8.3,10.6,50,180,300,0.66,0.1,1.5,0.99,0.99,0,0,18000,568,0.100005597,1,0,0,0,899.95,0,0,0,0,forage,search,0
22,13.8,3.429,5.7,6.3,50,240,50,30,800,3,3,19.9,3.569,8.3,10.6,50,180,300,0.66,0.1,1.5,0.99,0.99,0,0,18000,569,0.100005597,1,0,0,0,899.95,0,0,0,0,forage,search,0
24,13.8,3.429,5.7,6.3,50,240,50,30,800,3,3,19.9,3.569,8.3,10.6,50,180,300,0.66,0.1,1.5,0.99,0.99,0,0,16164,569,0.100005597,0,1,365,443.2,808.15,670.4532474,278.5594245,0.391584387,0.762862219,escape,pursue,1
28,13.8,3.429,5.7,6.3,50,240,50,30,800,3,3,19.9,3.569,8.3,10.6,50,180,300,0.66,0.1,1.5,0.99,0.99,0,0,5787,579,0.100005597,0,1,4.75,289.3,289.3,427.1195654,220.2388451,0.378352172,0.593642333,escape,pursue,1
30,13.8,3.429,5.7,6.3,50,240,50,30,800,3,3,19.9,3.569,8.3,10.6,50,180,300,0.66,0.1,1.5,0.99,0.99,0,0,6347,570,0.100005597,0,1,2.45,314.85,317.3,444.3292308,173.0688892,0.460192313,0.798284645,escape,pursue,1
26,13.8,3.429,5.7,6.3,50,240,50,30,800,3,3,19.9,3.569,8.3,10.6,50,180,300,0.66,0.1,1.5,0.99,0.99,0,0,18000,571,0.100005597,1,0,132.65,492.05,899.95,775.6406682,75.54335612,0.460588841,0.719541605,forage,search,1
34,13.8,3.429,5.7,6.3,50,240,50,30,800,3,3,19.9,3.569,8.3,10.6,50,180,300,0.66,0.1,1.5,0.99,0.99,0,0,509,570,0.100005597,0,1,0.15,25.3,25.4,45.82447916,28.76870807,0.267562784,0.386189031,escape,pursue,1
35,13.8,3.429,5.7,6.3,50,240,50,30,800,3,3,19.9,3.569,8.3,10.6,50,180,300,0.66,0.1,1.5,0.99,0.99,0,0,2876,581,0.100005597,0,1,0.05,143.75,143.75,185.0099102,88.08091049,0.417421656,0.849004517,escape,pursue,1
25,13.8,3.429,5.7,6.3,50,240,50,30,800,3,3,19.9,3.569,8.3,10.6,50,180,300,0.66,0.1,1.5,0.99,0.99,0,0,18000,576,0.100005597,1,0,0,0,899.95,0,0,0,0,forage,search,0
27,13.8,3.429,5.7,6.3,50,240,50,30,800,3,3,19.9,3.569,8.3,10.6,50,180,300,0.66,0.1,1.5,0.99,0.99,0,0,18000,569,0.100005597,1,0,0,0,899.95,0,0,0,0,forage,search,0
32,13.8,3.429,5.7,6.3,50,240,50,30,800,3,3,19.9,3.569,8.3,10.6,50,180,300,0.66,0.1,1.5,0.99,0.99,0,0,18000,567,0.100005597,1,0,527.85,366.5,899.95,549.4587036,243.4298731,0.366280401,0.698464786,escape,pursue,1
39,13.8,3.429,5.7,6.3,50,240,50,30,800,3,3,19.9,3.569,8.3,10.6,50,180,300,0.66,0.1,1.5,0.99,0.99,0,0,689,578,0.100005597,0,1,3.9,30.55,34.4,41.70048716,28.27389317,0.311839569,0.520605969,escape,pursue,1
29,13.8,3.429,5.7,6.3,50,240,50,30,800,3,3,19.9,3.569,8.3,10.6,50,180,300,0.66,0.1,1.5,0.99,0.99,0,0,18000,581,0.100005597,1,0,0,0,899.95,0,0,0,0,forage,search,0
40,13.8,3.429,5.7,6.3,50,240,50,30,800,3,3,19.9,3.569,8.3,10.6,50,180,300,0.66,0.1,1.5,0.99,0.99,0,0,6874,576,0.100005597,0,1,0.7,343,343.65,504.2125881,120.2214214,0.443669008,0.568354549,escape,pursue,1
31,13.8,3.429,5.7,6.3,50,240,50,30,800,3,3,19.9,3.569,8.3,10.6,50,180,300,0.66,0.1,1.5,0.99,0.99,0,0,18000,568,0.100005597,1,0,0,0,899.95,0,0,0,0,forage,search,0
33,13.8,3.429,5.7,6.3,50,240,50,30,800,3,3,19.9,3.569,8.3,10.6,50,180,300,0.66,0.1,1.5,0.99,0.99,0,0,18000,574,0.100005597,1,0,0,0,899.95,0,0,0,0,forage,search,0
38,13.8,3.429,5.7,6.3,50,240,50,30,800,3,3,19.9,3.569,8.3,10.6,50,180,300,0.66,0.1,1.5,0.99,0.99,0,0,18000,580,0.100005597,1,0,61.1,307.25,899.95,461.6298803,95.22691572,0.430020988,0.515096237,escape,pursue,1
45,13.8,3.429,5.7,6.3,50,240,50,30,800,3,3,19.9,3.569,8.3,10.6,50,180,300,0.66,0.1,1.5,0.99,0.99,0,0,1907,587,0.100005597,0,1,0.05,95.25,95.3,157.1944126,79.28451453,0.303950686,0.645204273,escape,pursue,1
44,13.8,3.429,5.7,6.3,50,240,50,30,800,3,3,19.9,3.569,8.3,10.6,50,180,300,0.66,0.1,1.5,0.99,0.99,0,0,7434,570,0.100005597,0,1,32.6,339.1,371.65,488.6849095,210.8766948,0.37139922,0.709299436,escape,pursue,1
36,13.8,3.429,5.7,6.3,50,240,50,30,800,3,3,19.9,3.569,8.3,10.6,50,180,300,0.66,0.1,1.5,0.99,0.99,0,0,18000,569,0.100005597,1,0,0,0,899.95,0,0,0,0,forage,search,0
42,13.8,3.429,5.7,6.3,50,240,50,30,800,3,3,19.9,3.569,8.3,10.6,50,180,300,0.66,0.1,1.5,0.99,0.99,0,0,6454,581,0.100005597,0,1,281.65,41.05,322.65,53.97511907,40.14825859,0.367812596,0.557558836,escape,pursue,1
43,13.8,3.429,5.7,6.3,50,240,50,30,800,3,3,19.9,3.569,8.3,10.6,50,180,300,0.66,0.1,1.5,0.99,0.99,0,0,9916,570,0.100005597,0,1,160.75,335.05,495.75,484.248374,272.7767555,0.343771505,0.630149097,escape,pursue,1
37,13.8,3.429,5.7,6.3,50,240,50,30,800,3,3,19.9,3.569,8.3,10.6,50,180,300,0.66,0.1,1.5,0.99,0.99,0,0,18000,570,0.100005597,1,0,872.85,27.15,899.95,45.07942743,31.41741373,0.300074977,0.480791029,escape,pursue,1
47,13.8,3.429,5.7,6.3,50,240,50,30,800,3,3,19.9,3.569,8.3,10.6,50,180,300,0.66,0.1,1.5,0.99,0.99,0,0,2310,574,0.100005597,0,1,33.25,82.25,115.45,121.5383432,67.16333725,0.406414242,0.638149692,escape,pursue,1
41,13.8,3.429,5.7,6.3,50,240,50,30,800,3,3,19.9,3.569,8.3,10.6,50,180,300,0.66,0.1,1.5,0.99,0.99,0,0,10163,560,0.100005597,0,1,484.9,23.25,508.1,35.90645764,21.1037896,0.406160637,0.461347513,escape,pursue,1
50,13.8,3.429,5.7,6.3,50,240,50,30,800,3,3,19.9,3.569,8.3,10.6,50,180,300,0.66,0.1,1.5,0.99,0.99,0,0,2447,582,0.100005597,0,1,73.2,49.15,122.3,55.12936904,30.71547983,0.684849837,0.652999779,escape,pursue,1
53,13.8,3.429,5.7,6.3,50,240,50,30,800,3,3,19.9,3.569,8.3,10.6,50,180,300,0.66,0.1,1.5,0.99,0.99,0,0,10658,585,0.100005597,0,1,247.25,285.65,532.85,435.4549301,154.2895763,0.384353895,0.62057327,escape,pursue,1
54,13.8,3.429,5.7,6.3,50,240,50,30,800,3,3,19.9,3.569,8.3,10.6,50,180,300,0.66,0.1,1.5,0.99,0.99,0,0,4673,577,0.100005597,0,1,147.95,85.7,233.6,138.5967071,70.05728552,0.274568018,0.543396582,escape,pursue,1
46,13.8,3.429,5.7,6.3,50,240,50,30,800,3,3,19.9,3.569,8.3,10.6,50,180,300,0.66,0.1,1.5,0.99,0.99,0,0,18000,581,0.100005597,1,0,0,0,899.95,0,0,0,0,forage,search,0
51,13.8,3.429,5.7,6.3,50,240,50,30,800,3,3,19.9,3.569,8.3,10.6,50,180,300,0.66,0.1,1.5,0.99,0.99,0,0,18000,586,0.100005597,1,0,531.4,368.6,899.95,531.3532994,222.9601956,0.396737536,0.813241513,escape,pursue,1
56,13.8,3.429,5.7,6.3,50,240,50,30,800,3,3,19.9,3.569,8.3,10.6,50,180,300,0.66,0.1,1.5,0.99,0.99,0,0,4304,570,0.100005597,0,1,74,141.25,215.15,209.3958971,110.2039474,0.412977293,0.680338456,escape,pursue,1
52,13.8,3.429,5.7,6.3,50,240,50,30,800,3,3,19.9,3.569,8.3,10.6,50,180,300,0.66,0.1,1.5,0.99,0.99,0,0,18000,581,0.100005597,1,0,637.9,262.1,899.95,396.2152837,25.84894657,0.371466354,1.488847257,escape,search,1
60,13.8,3.429,5.7,6.3,50,240,50,30,800,3,3,19.9,3.569,8.3,10.6,50,180,300,0.66,0.1,1.5,0.99,0.99,0,0,288,571,0.100005597,0,1,0.05,14.35,14.35,16.86960071,16.85170598,0.585716619,0.415641017,escape,pursue,1
48,13.8,3.429,5.7,6.3,50,240,50,30,800,3,3,19.9,3.569,8.3,10.6,50,180,300,0.66,0.1,1.5,0.99,0.99,0,0,18000,574,0.100005597,1,0,0,0,899.95,0,0,0,0,forage,search,0
49,13.8,3.429,5.7,6.3,50,240,50,30,800,3,3,19.9,3.569,8.3,10.6,50,180,300,0.66,0.1,1.5,0.99,0.99,0,0,18000,570,0.100005597,1,0,0,0,899.95,0,0,0,0,forage,search,0
58,13.8,3.429,5.7,6.3,50,240,50,30,800,3,3,19.9,3.569,8.3,10.6,50,180,300,0.66,0.1,1.5,0.99,0.99,0,0,4155,568,0.100005597,0,1,89.55,118.2,207.7,174.4888068,89.07380486,0.319837952,0.738807606,escape,pursue,1
61,13.8,3.429,5.7,6.3,50,240,50,30,800,3,3,19.9,3.569,8.3,10.6,50,180,300,0.66,0.1,1.5,0.99,0.99,0,0,4577,570,0.100005597,0,1,1.6,228.8,228.8,345.5305809,176.1748744,0.355153344,0.553461538,escape,pursue,1
64,13.8,3.429,5.7,6.3,50,240,50,30,800,3,3,19.9,3.569,8.3,10.6,50,180,300,0.66,0.1,1.5,0.99,0.99,0,0,404,576,0.100005597,0,1,0.05,20.15,20.15,35.10118535,25.72556789,0.246812776,0.325244569,escape,search,1
66,13.8,3.429,5.7,6.3,50,240,50,30,800,3,3,19.9,3.569,8.3,10.6,50,180,300,0.66,0.1,1.5,0.99,0.99,0,0,4780,566,0.100005597,0,1,0.05,238.95,238.95,321.3130192,186.4846197,0.390118101,0.675861327,escape,pursue,1
55,13.8,3.429,5.7,6.3,50,240,50,30,800,3,3,19.9,3.569,8.3,10.6,50,180,300,0.66,0.1,1.5,0.99,0.99,0,0,18000,581,0.100005597,1,0,0,0,899.95,0,0,0,0,forage,search,0
63,13.8,3.429,5.7,6.3,50,240,50,30,800,3,3,19.9,3.569,8.3,10.6,50,180,300,0.66,0.1,1.5,0.99,0.99,0,0,6315,577,0.100005597,0,1,222.65,93.1,315.7,123.3441989,85.06524472,0.450332716,0.516680623,escape,pursue,1
69,13.8,3.429,5.7,6.3,50,240,50,30,800,3,3,19.9,3.569,8.3,10.6,50,180,300,0.66,0.1,1.5,0.99,0.99,0,0,3076,570,0.100005597,0,1,39.2,113.3,153.75,161.7639555,100.2627651,0.403068995,0.467944616,escape,pursue,1
57,13.8,3.429,5.7,6.3,50,240,50,30,800,3,3,19.9,3.569,8.3,10.6,50,180,300,0.66,0.1,1.5,0.99,0.99,0,0,18000,592,0.100005597,1,0,0,0,899.95,0,0,0,0,forage,search,0
62,13.8,3.429,5.7,6.3,50,240,50,30,800,3,3,19.9,3.569,8.3,10.6,50,180,300,0.66,0.1,1.5,0.99,0.99,0,0,18000,571,0.100005597,1,0,172.7,454.45,899.95,675.2680713,268.8997585,0.355254139,0.758197704,forage,stalk,1
71,13.8,3.429,5.7,6.3,50,240,50,30,800,3,3,19.9,3.569,8.3,10.6,50,180,300,0.66,0.1,1.5,0.99,0.99,0,0,717,572,0.100005597,0,1,0.05,35.8,35.8,50.98295127,30.19379669,0.321773857,0.49567718,escape,pursue,1
59,13.8,3.429,5.7,6.3,50,240,50,30,800,3,3,19.9,3.569,8.3,10.6,50,180,300,0.66,0.1,1.5,0.99,0.99,0,0,15589,580,0.100005597,0,1,721.25,58.2,779.4,70.06556626,36.80833227,0.519622142,0.873229245,escape,pursue,1
68,13.8,3.429,5.7,6.3,50,240,50,30,800,3,3,19.9,3.569,8.3,10.6,50,180,300,0.66,0.1,1.5,0.99,0.99,0,0,5827,567,0.100005597,0,1,250.3,41.05,291.3,52.62472593,32.97852778,0.511367449,0.501663057,escape,pursue,1
74,13.8,3.429,5.7,6.3,50,240,50,30,800,3,3,19.9,3.569,8.3,10.6,50,180,300,0.66,0.1,1.5,0.99,0.99,0,0,2724,573,0.100005597,0,1,25.65,110.6,136.15,136.0080073,71.58596856,0.540698958,0.784695741,escape,pursue,1
72,13.8,3.429,5.7,6.3,50,240,50,30,800,3,3,19.9,3.569,8.3,10.6,50,180,300,0.66,0.1,1.5,0.99,0.99,0,0,13455,567,0.100005597,1,0,20.95,597.05,672.7,800.0935564,299.8855628,0.533855895,0.644905871,exhausted,pursue,1
65,13.8,3.429,5.7,6.3,50,240,50,30,800,3,3,19.9,3.569,8.3,10.6,50,180,300,0.66,0.1,1.5,0.99,0.99,0,0,18000,569,0.100005597,1,0,0,0,899.95,0,0,0,0,forage,search,0
67,13.8,3.429,5.7,6.3,50,240,50,30,800,3,3,19.9,3.569,8.3,10.6,50,180,300,0.66,0.1,1.5,0.99,0.99,0,0,18000,581,0.100005597,1,0,0,0,899.95,0,0,0,0,forage,search,0
76,13.8,3.429,5.7,6.3,50,240,50,30,800,3,3,19.9,3.569,8.3,10.6,50,180,300,0.66,0.1,1.5,0.99,0.99,0,0,9494,582,0.100005597,0,1,431.8,42.9,474.65,56.78459319,47.92935326,0.401551595,0.354396334,escape,pursue,1
75,13.8,3.429,5.7,6.3,50,240,50,30,800,3,3,19.9,3.569,8.3,10.6,50,180,300,0.66,0.1,1.5,0.99,0.99,0,0,12946,571,0.100005597,0,1,499.9,147.35,647.25,230.3858909,119.5172271,0.317259348,0.5872162,escape,pursue,1
79,13.8,3.429,5.7,6.3,50,240,50,30,800,3,3,19.9,3.569,8.3,10.6,50,180,300,0.66,0.1,1.5,0.99,0.99,0,0,10526,575,0.100005597,0,1,121.95,404.35,526.25,625.1140536,195.7614698,0.375069109,0.668362579,escape,pursue,1
70,13.8,3.429,5.7,6.3,50,240,50,30,800,3,3,19.9,3.569,8.3,10.6,50,180,300,0.66,0.1,1.5,0.99,0.99,0,0,18000,570,0.100005597,1,0,0,0,899.95,0,0,0,0,forage,search,0
80,13.8,3.429,5.7,6.3,50,240,50,30,800,3,3,19.9,3.569,8.3,10.6,50,180,300,0.66,0.1,1.5,0.99,0.99,0,0,6698,572,0.100005597,0,1,194.8,140.1,334.85,182.6439338,91.03735892,0.42102623,0.811599737,escape,pursue,1
73,13.8,3.429,5.7,6.3,50,240,50,30,800,3,3,19.9,3.569,8.3,10.6,50,180,300,0.66,0.1,1.5,0.99,0.99,0,0,18000,582,0.100005597,1,0,0,0,899.95,0,0,0,0,forage,search,0
86,13.8,3.429,5.7,6.3,50,240,50,30,800,3,3,19.9,3.569,8.3,10.6,50,180,300,0.66,0.1,1.5,0.99,0.99,0,0,623,579,0.100005597,0,1,11.85,19.3,31.1,29.1199213,13.13657122,0.609694777,0.661294349,escape,pursue,1
82,13.8,3.429,5.7,6.3,50,240,50,30,800,3,3,19.9,3.569,8.3,10.6,50,180,300,0.66,0.1,1.5,0.99,0.99,0,0,18000,582,0.100005597,1,0,153.65,540.6,899.95,800.1040714,209.3852448,0.408478354,0.81349293,exhausted,search,1
77,13.8,3.429,5.7,6.3,50,240,50,30,800,3,3,19.9,3.569,8.3,10.6,50,180,300,0.66,0.1,1.5,0.99,0.99,0,0,18000,578,0.100005597,1,0,0,0,899.95,0,0,0,0,forage,search,0
85,13.8,3.429,5.7,6.3,50,240,50,30,800,3,3,19.9,3.569,8.3,10.6,50,180,300,0.66,0.1,1.5,0.99,0.99,0,0,6749,572,0.100005597,0,1,187.85,149.6,337.4,239.3938995,115.2269059,0.26910054,0.592863108,escape,pursue,1
78,13.8,3.429,5.7,6.3,50,240,50,30,800,3,3,19.9,3.569,8.3,10.6,50,180,300,0.66,0.1,1.5,0.99,0.99,0,0,18000,574,0.100005597,1,0,0,0,899.95,0,0,0,0,forage,search,0
81,13.8,3.429,5.7,6.3,50,240,50,30,800,3,3,19.9,3.569,8.3,10.6,50,180,300,0.66,0.1,1.5,0.99,0.99,0,0,18000,567,0.100005597,1,0,0,0,899.95,0,0,0,0,forage,search,0
83,13.8,3.429,5.7,6.3,50,240,50,30,800,3,3,19.9,3.569,8.3,10.6,50,180,300,0.66,0.1,1.5,0.99,0.99,0,0,18000,567,0.100005597,1,0,0,0,899.95,0,0,0,0,forage,search,0
84,13.8,3.429,5.7,6.3,50,240,50,30,800,3,3,19.9,3.569,8.3,10.6,50,180,300,0.66,0.1,1.5,0.99,0.99,0,0,18000,560,0.100005597,1,0,885.95,14.05,899.95,25.18469151,12.41445397,0.403851229,0.750499512,escape,pursue,1
87,13.8,3.429,5.7,6.3,50,240,50,30,800,3,3,19.9,3.569,8.3,10.6,50,180,300,0.66,0.1,1.5,0.99,0.99,0,0,18000,585,0.100005597,1,0,0,0,899.95,0,0,0,0,forage,search,0
88,13.8,3.429,5.7,6.3,50,240,50,30,800,3,3,19.9,3.569,8.3,10.6,50,180,300,0.66,0.1,1.5,0.99,0.99,0,0,18000,574,0.100005597,1,0,0,0,899.95,0,0,0,0,forage,search,0
89,13.8,3.429,5.7,6.3,50,240,50,30,800,3,3,19.9,3.569,8.3,10.6,50,180,300,0.66,0.1,1.5,0.99,0.99,0,0,18000,566,0.100005597,1,0,90.2,0,899.95,0,0,0,0,forage,search,1
90,13.8,3.429,5.7,6.3,50,240,50,30,800,3,3,19.9,3.569,8.3,10.6,50,180,300,0.66,0.1,1.5,0.99,0.99,0,0,18000,575,0.100005597,1,0,0,0,899.95,0,0,0,0,forage,search,0
91,13.8,3.429,5.7,6.3,50,240,50,30,800,3,3,19.9,3.569,8.3,10.6,50,180,300,0.66,0.1,1.5,0.99,0.99,0,0,18000,567,0.100005597,1,0,0,0,899.95,0,0,0,0,forage,search,0
94,13.8,3.429,5.7,6.3,50,240,50,30,800,3,3,19.9,3.569,8.3,10.6,50,180,300,0.66,0.1,1.5,0.99,0.99,0,0,18000,574,0.100005597,1,0,160,328.35,899.95,517.4734606,171.106605,0.363944268,0.542940217,forage,search,1
99,13.8,3.429,5.7,6.3,50,240,50,30,800,3,3,19.9,3.569,8.3,10.6,50,180,300,0.66,0.1,1.5,0.99,0.99,0,0,4461,571,0.100005597,0,1,140,83,223,131.7914269,73.16807186,0.309426813,0.55763473,escape,pursue,1
92,13.8,3.429,5.7,6.3,50,240,50,30,800,3,3,19.9,3.569,8.3,10.6,50,180,300,0.66,0.1,1.5,0.99,0.99,0,0,18000,570,0.100005597,1,0,899.95,0,899.95,0,0,0,0,forage,stalk,1
93,13.8,3.429,5.7,6.3,50,240,50,30,800,3,3,19.9,3.569,8.3,10.6,50,180,300,0.66,0.1,1.5,0.99,0.99,0,0,18000,569,0.100005597,1,0,0,0,899.95,0,0,0,0,forage,search,0
95,13.8,3.429,5.7,6.3,50,240,50,30,800,3,3,19.9,3.569,8.3,10.6,50,180,300,0.66,0.1,1.5,0.99,0.99,0,0,15727,579,0.100005597,0,1,746.8,39.55,786.3,74.65651324,31.04162434,0.327352611,0.595389028,escape,pursue,1
96,13.8,3.429,5.7,6.3,50,240,50,30,800,3,3,19.9,3.569,8.3,10.6,50,180,300,0.66,0.1,1.5,0.99,0.99,0,0,18000,578,0.100005597,1,0,0,0,899.95,0,0,0,0,forage,search,0
97,13.8,3.429,5.7,6.3,50,240,50,30,800,3,3,19.9,3.569,8.3,10.6,50,180,300,0.66,0.1,1.5,0.99,0.99,0,0,18000,579,0.100005597,1,0,0,0,899.95,0,0,0,0,forage,search,0
98,13.8,3.429,5.7,6.3,50,240,50,30,800,3,3,19.9,3.569,8.3,10.6,50,180,300,0.66,0.1,1.5,0.99,0.99,0,0,18000,578,0.100005597,1,0,0,0,899.95,0,0,0,0,forage,search,0
100,13.8,3.429,5.7,6.3,50,240,50,30,800,3,3,19.9,3.569,8.3,10.6,50,180,300,0.66,0.1,1.5,0.99,0.99,0,0,18000,582,0.100005597,1,0,0,0,899.95,0,0,0,0,forage,search,0
2,13.8,3.429,5.7,6.3,50,240,50,30,800,3,3,19.9,3.569,8.3,10.6,50,180,300,0.66,0.1,1.5,0.99,0.99,0,0,1542,581,0.100005597,0,1,9.6,67.5,77.05,88.14440826,58.25706143,0.444204339,0.597568413,escape,pursue,1
1,13.8,3.429,5.7,6.3,50,240,50,30,800,3,3,19.9,3.569,8.3,10.6,50,180,300,0.66,0.1,1.5,0.99,0.99,0,0,2505,572,0.100005597,0,1,13.95,111.35,125.2,157.8851066,103.2933166,0.421482954,0.531724024,escape,pursue,1
6,13.8,3.429,5.7,6.3,50,240,50,30,800,3,3,19.9,3.569,8.3,10.6,50,180,300,0.66,0.1,1.5,0.99,0.99,0,0,6923,571,0.100005597,0,1,150.05,196.1,346.1,286.9804252,143.9399451,0.41327642,0.582272348,escape,pursue,1
10,13.8,3.429,5.7,6.3,50,240,50,30,800,3,3,19.9,3.569,8.3,10.6,50,180,300,0.66,0.1,1.5,0.99,0.99,0,0,7104,576,0.100005597,0,1,165,190.2,355.15,266.1559503,77.45497881,0.63090694,0.794904137,escape,pursue,1
5,13.8,3.429,5.7,6.3,50,240,50,30,800,3,3,19.9,3.569,8.3,10.6,50,180,300,0.66,0.1,1.5,0.99,0.99,0,0,10514,579,0.100005597,0,1,505.9,19.8,525.65,45.03795707,21.90946748,0.121591264,0.422564362,escape,search,1
7,13.8,3.429,5.7,6.3,50,240,50,30,800,3,3,19.9,3.569,8.3,10.6,50,180,300,0.66,0.1,1.5,0.99,0.99,0,0,12672,577,0.100005597,0,1,472.3,161.3,633.55,241.4731446,79.76656773,0.42665401,0.831959219,circle,stalk,1
8,13.8,3.429,5.7,6.3,50,240,50,30,800,3,3,19.9,3.569,8.3,10.6,50,180,300,0.66,0.1,1.5,0.99,0.99,0,0,18000,578,0.100005597,1,0,0,0,899.95,0,0,0,0,forage,search,0
3,13.8,3.429,5.7,6.3,50,240,50,30,800,3,3,19.9,3.569,8.3,10.6,50,180,300,0.66,0.1,1.5,0.99,0.99,0,0,18000,556,0.100005597,1,0,0,0,899.95,0,0,0,0,forage,search,0
4,13.8,3.429,5.7,6.3,50,240,50,30,800,3,3,19.9,3.569,8.3,10.6,50,180,300,0.66,0.1,1.5,0.99,0.99,0,0,18000,571,0.100005597,1,0,0,0,899.95,0,0,0,0,forage,search,0
9,13.8,3.429,5.7,6.3,50,240,50,30,800,3,3,19.9,3.569,8.3,10.6,50,180,300,0.66,0.1,1.5,0.99,0.99,0,0,18000,567,0.100005597,1,0,0,0,899.95,0,0,0,0,forage,search,0
13,13.8,3.429,5.7,6.3,50,240,50,30,800,3,3,19.9,3.569,8.3,10.6,50,180,300,0.66,0.1,1.5,0.99,0.99,0,0,10846,569,0.100005597,0,1,498.1,44.2,542.25,49.68885857,42.85448475,0.454922034,0.524927889,escape,pursue,1
14,13.8,3.429,5.7,6.3,50,240,50,30,800,3,3,19.9,3.569,8.3,10.6,50,180,300,0.66,0.1,1.5,0.99,0.99,0,0,9283,576,0.100005597,0,1,444.4,19.75,464.1,33.92357791,19.69815047,0.511293371,0.475470292,escape,pursue,1
11,13.8,3.429,5.7,6.3,50,240,50,30,800,3,3,19.9,3.569,8.3,10.6,50,180,300,0.66,0.1,1.5,0.99,0.99,0,0,18000,577,0.100005597,1,0,0,0,899.95,0,0,0,0,forage,search,0
19,13.8,3.429,5.7,6.3,50,240,50,30,800,3,3,19.9,3.569,8.3,10.6,50,180,300,0.66,0.1,1.5,0.99,0.99,0,0,8217,571,0.100005597,0,1,92.95,317.9,410.8,492.3770264,204.2156688,0.363216546,0.676239342,escape,pursue,1
12,13.8,3.429,5.7,6.3,50,240,50,30,800,3,3,19.9,3.569,8.3,10.6,50,180,300,0.66,0.1,1.5,0.99,0.99,0,0,18000,579,0.100005597,1,0,899.75,0,899.95,0,0,0,0,forage,stalk,1
15,13.8,3.429,5.7,6.3,50,240,50,30,800,3,3,19.9,3.569,8.3,10.6,50,180,300,0.66,0.1,1.5,0.99,0.99,0,0,18000,572,0.100005597,1,0,0,0,899.95,0,0,0,0,forage,search,0
16,13.8,3.429,5.7,6.3,50,240,50,30,800,3,3,19.9,3.569,8.3,10.6,50,180,300,0.66,0.1,1.5,0.99,0.99,0,0,18000,570,0.100005597,1,0,0,0,899.95,0,0,0,0,forage,search,0
17,13.8,3.429,5.7,6.3,50,240,50,30,800,3,3,19.9,3.569,8.3,10.6,50,180,300,0.66,0.1,1.5,0.99,0.99,0,0,18000,575,0.100005597,1,0,0,0,899.95,0,0,0,0,forage,search,0
18,13.8,3.429,5.7,6.3,50,240,50,30,800,3,3,19.9,3.569,8.3,10.6,50,180,300,0.66,0.1,1.5,0.99,0.99,0,0,18000,566,0.100005597,1,0,0,0,899.95,0,0,0,0,forage,search,0
25,13.8,3.429,5.7,6.3,50,240,50,30,800,3,3,19.9,3.569,8.3,10.6,50,180,300,0.66,0.1,1.5,0.99,0.99,0,0,2699,579,0.100005597,0,1,8.25,126.7,134.9,181.287598,98.92070437,0.446288598,0.632955011,escape,search,1
20,13.8,3.429,5.7,6.3,50,240,50,30,800,3,3,19.9,3.569,8.3,10.6,50,180,300,0.66,0.1,1.5,0.99,0.99,0,0,18000,562,0.100005597,1,0,654.1,245.9,899.95,391.4259739,52.24493368,0.392494788,0.851520688,escape,search,1
24,13.8,3.429,5.7,6.3,50,240,50,30,800,3,3,19.9,3.569,8.3,10.6,50,180,300,0.66,0.1,1.5,0.99,0.99,0,0,3344,567,0.100005597,0,1,36.9,130.3,167.15,176.4915098,108.8069741,0.435970821,0.469370997,escape,pursue,1
22,13.8,3.429,5.7,6.3,50,240,50,30,800,3,3,19.9,3.569,8.3,10.6,50,180,300,0.66,0.1,1.5,0.99,0.99,0,0,12702,573,0.100005597,0,1,484.6,150.5,635.05,198.5201401,123.9277074,0.565090246,0.489478034,escape,pursue,1
23,13.8,3.429,5.7,6.3,50,240,50,30,800,3,3,19.9,3.569,8.3,10.6,50,180,300,0.66,0.1,1.5,0.99,0.99,0,0,17841,575,0.100005597,0,1,158.8,501.9,892,800.0174583,268.6087228,0.350584083,0.643386397,exhausted,pursue,1
27,13.8,3.429,5.7,6.3,50,240,50,30,800,3,3,19.9,3.569,8.3,10.6,50,180,300,0.66,0.1,1.5,0.99,0.99,0,0,4971,579,0.100005597,0,1,0.15,248.4,248.5,354.8896844,162.8276068,0.446214439,0.709751667,escape,pursue,1
21,13.8,3.429,5.7,6.3,50,240,50,30,800,3,3,19.9,3.569,8.3,10.6,50,180,300,0.66,0.1,1.5,0.99,0.99,0,0,18000,572,0.100005597,1,0,0,0,899.95,0,0,0,0,forage,search,0
34,13.8,3.429,5.7,6.3,50,240,50,30,800,3,3,19.9,3.569,8.3,10.6,50,180,300,0.66,0.1,1.5,0.99,0.99,0,0,2480,577,0.100005597,0,1,79.55,44.45,123.95,73.97519014,48.32427344,0.242853745,0.456046833,escape,pursue,1
26,13.8,3.429,5.7,6.3,50,240,50,30,800,3,3,19.9,3.569,8.3,10.6,50,180,300,0.66,0.1,1.5,0.99,0.99,0,0,18000,565,0.100005597,1,0,597.05,302.95,899.95,471.8931051,70.09253291,0.419014317,0.629440778,escape,pursue,1
31,13.8,3.429,5.7,6.3,50,240,50,30,800,3,3,19.9,3.569,8.3,10.6,50,180,300,0.66,0.1,1.5,0.99,0.99,0,0,15813,570,0.100005597,0,1,596.2,194.25,790.6,280.0617152,143.4976033,0.382565673,0.731896167,escape,pursue,1
30,13.8,3.429,5.7,6.3,50,240,50,30,800,3,3,19.9,3.569,8.3,10.6,50,180,300,0.66,0.1,1.5,0.99,0.99,0,0,17448,578,0.100005597,0,1,720.4,152,872.35,215.7307751,99.00265989,0.419779757,0.779897477,escape,pursue,1
28,13.8,3.429,5.7,6.3,50,240,50,30,800,3,3,19.9,3.569,8.3,10.6,50,180,300,0.66,0.1,1.5,0.99,0.99,0,0,18000,577,0.100005597,1,0,0,0,899.95,0,0,0,0,forage,search,0
29,13.8,3.429,5.7,6.3,50,240,50,30,800,3,3,19.9,3.569,8.3,10.6,50,180,300,0.66,0.1,1.5,0.99,0.99,0,0,16135,566,0.100005597,0,1,769.2,37.55,806.7,45.99278547,25.78381059,0.663425511,0.562273153,escape,pursue,1
38,13.8,3.429,5.7,6.3,50,240,50,30,800,3,3,19.9,3.569,8.3,10.6,50,180,300,0.66,0.1,1.5,0.99,0.99,0,0,1025,581,0.100005597,0,1,0.1,51.15,51.2,74.33738195,47.41770379,0.416666478,0.483698426,escape,pursue,1
32,13.8,3.429,5.7,6.3,50,240,50,30,800,3,3,19.9,3.569,8.3,10.6,50,180,300,0.66,0.1,1.5,0.99,0.99,0,0,18000,570,0.100005597,1,0,0,0,899.95,0,0,0,0,forage,search,0
33,13.8,3.429,5.7,6.3,50,240,50,30,800,3,3,19.9,3.569,8.3,10.6,50,180,300,0.66,0.1,1.5,0.99,0.99,0,0,18000,571,0.100005597,1,0,0,0,899.95,0,0,0,0,forage,search,0
37,13.8,3.429,5.7,6.3,50,240,50,30,800,3,3,19.9,3.569,8.3,10.6,50,180,300,0.66,0.1,1.5,0.99,0.99,0,0,11738,572,0.100005597,0,1,48.85,454.1,586.85,800.153791,144.4475287,0.308810576,0.668596251,exhausted,pursue,1
44,13.8,3.429,5.7,6.3,50,240,50,30,800,3,3,19.9,3.569,8.3,10.6,50,180,300,0.66,0.1,1.5,0.99,0.99,0,0,1231,580,0.100005597,0,1,0.05,61.5,61.5,92.89243958,43.14680329,0.459445328,0.514883222,escape,pursue,1
35,13.8,3.429,5.7,6.3,50,240,50,30,800,3,3,19.9,3.569,8.3,10.6,50,180,300,0.66,0.1,1.5,0.99,0.99,0,0,16916,565,0.100005597,0,1,788.15,57.65,845.75,61.57648759,41.90469781,0.606846545,0.553038082,escape,pursue,1
42,13.8,3.429,5.7,6.3,50,240,50,30,800,3,3,19.9,3.569,8.3,10.6,50,180,300,0.66,0.1,1.5,0.99,0.99,0,0,7207,574,0.100005597,0,1,100.85,259.5,360.3,388.4364816,210.6855906,0.352398678,0.513338438,escape,pursue,1
47,13.8,3.429,5.7,6.3,50,240,50,30,800,3,3,19.9,3.569,8.3,10.6,50,180,300,0.66,0.1,1.5,0.99,0.99,0,0,4268,576,0.100005597,0,1,0.05,213.35,213.35,276.5101971,147.8181922,0.514661254,0.707296354,escape,pursue,1
46,13.8,3.429,5.7,6.3,50,240,50,30,800,3,3,19.9,3.569,8.3,10.6,50,180,300,0.66,0.1,1.5,0.99,0.99,0,0,2991,579,0.100005597,0,1,100.55,49,149.5,85.15861633,65.22455035,0.305276857,0.337325421,escape,pursue,1
36,13.8,3.429,5.7,6.3,50,240,50,30,800,3,3,19.9,3.569,8.3,10.6,50,180,300,0.66,0.1,1.5,0.99,0.99,0,0,18000,574,0.100005597,1,0,0,0,899.95,0,0,0,0,forage,search,0
41,13.8,3.429,5.7,6.3,50,240,50,30,800,3,3,19.9,3.569,8.3,10.6,50,180,300,0.66,0.1,1.5,0.99,0.99,0,0,14992,568,0.100005597,0,1,307.95,423.7,749.55,647.3744533,128.2197997,0.342047711,0.656185398,escape,pursue,1
40,13.8,3.429,5.7,6.3,50,240,50,30,800,3,3,19.9,3.569,8.3,10.6,50,180,300,0.66,0.1,1.5,0.99,0.99,0,0,10675,569,0.100005597,0,1,409.3,124.45,533.7,178.4800489,114.5695249,0.423433172,0.533464265,escape,pursue,1
39,13.8,3.429,5.7,6.3,50,240,50,30,800,3,3,19.9,3.569,8.3,10.6,50,180,300,0.66,0.1,1.5,0.99,0.99,0,0,18000,566,0.100005597,1,0,617.8,125.6,899.95,194.8065563,85.88462382,0.337158332,0.750270103,forage,search,1
48,13.8,3.429,5.7,6.3,50,240,50,30,800,3,3,19.9,3.569,8.3,10.6,50,180,300,0.66,0.1,1.5,0.99,0.99,0,0,14712,587,0.100005597,0,1,93.25,550.7,735.55,800.0318874,266.2342797,0.42680367,0.742190133,exhausted,pursue,1
50,13.8,3.429,5.7,6.3,50,240,50,30,800,3,3,19.9,3.569,8.3,10.6,50,180,300,0.66,0.1,1.5,0.99,0.99,0,0,7940,569,0.100005597,0,1,304.95,92.1,396.95,121.8203792,68.42072764,0.482943314,0.566373885,escape,pursue,1
45,13.8,3.429,5.7,6.3,50,240,50,30,800,3,3,19.9,3.569,8.3,10.6,50,180,300,0.66,0.1,1.5,0.99,0.99,0,0,15554,576,0.100005597,0,1,689.95,87.75,777.65,104.5233133,56.29176974,0.514279788,0.753052402,escape,pursue,1
43,13.8,3.429,5.7,6.3,50,240,50,30,800,3,3,19.9,3.569,8.3,10.6,50,180,300,0.66,0.1,1.5,0.99,0.99,0,0,18000,576,0.100005597,1,0,0,0,899.95,0,0,0,0,forage,search,0
49,13.8,3.429,5.7,6.3,50,240,50,30,800,3,3,19.9,3.569,8.3,10.6,50,180,300,0.66,0.1,1.5,0.99,0.99,0,0,18000,569,0.100005597,1,0,0,0,899.95,0,0,0,0,forage,search,0
51,13.8,3.429,5.7,6.3,50,240,50,30,800,3,3,19.9,3.569,8.3,10.6,50,180,300,0.66,0.1,1.5,0.99,0.99,0,0,18000,573,0.100005597,1,0,899.95,0,899.95,0,0,0,0,forage,search,1
52,13.8,3.429,5.7,6.3,50,240,50,30,800,3,3,19.9,3.569,8.3,10.6,50,180,300,0.66,0.1,1.5,0.99,0.99,0,0,18000,576,0.100005597,1,0,0,0,899.95,0,0,0,0,forage,search,0
53,13.8,3.429,5.7,6.3,50,240,50,30,800,3,3,19.9,3.569,8.3,10.6,50,180,300,0.66,0.1,1.5,0.99,0.99,0,0,17667,565,0.100005597,0,1,763.5,119.85,883.3,182.9242702,111.3998506,0.385248449,0.479534374,escape,pursue,1
54,13.8,3.429,5.7,6.3,50,240,50,30,800,3,3,19.9,3.569,8.3,10.6,50,180,300,0.66,0.1,1.5,0.99,0.99,0,0,18000,571,0.100005597,1,0,858.55,41.45,899.95,56.41465163,18.72038687,0.765276388,0.648491441,escape,search,1
55,13.8,3.429,5.7,6.3,50,240,50,30,800,3,3,19.9,3.569,8.3,10.6,50,180,300,0.66,0.1,1.5,0.99,0.99,0,0,18000,579,0.100005597,1,0,0,0,899.95,0,0,0,0,forage,search,0
56,13.8,3.429,5.7,6.3,50,240,50,30,800,3,3,19.9,3.569,8.3,10.6,50,180,300,0.66,0.1,1.5,0.99,0.99,0,0,18000,579,0.100005597,1,0,864.65,0,899.95,0,0,0,0,forage,search,1
57,13.8,3.429,5.7,6.3,50,240,50,30,800,3,3,19.9,3.569,8.3,10.6,50,180,300,0.66,0.1,1.5,0.99,0.99,0,0,18000,577,0.100005597,1,0,0,0,899.95,0,0,0,0,forage,search,0
63,13.8,3.429,5.7,6.3,50,240,50,30,800,3,3,19.9,3.569,8.3,10.6,50,180,300,0.66,0.1,1.5,0.99,0.99,0,0,981,575,0.100005597,0,1,0.05,49,49,73.60960354,40.12088493,0.394467182,0.669956412,escape,pursue,1
64,13.8,3.429,5.7,6.3,50,240,50,30,800,3,3,19.9,3.569,8.3,10.6,50,180,300,0.66,0.1,1.5,0.99,0.99,0,0,3178,579,0.100005597,0,1,22.45,136.45,158.85,162.2992945,88.81497144,0.529778373,0.827407275,escape,pursue,1
59,13.8,3.429,5.7,6.3,50,240,50,30,800,3,3,19.9,3.569,8.3,10.6,50,180,300,0.66,0.1,1.5,0.99,0.99,0,0,12284,570,0.100005597,0,1,592.55,21.65,614.15,36.1233204,21.84078868,0.570586747,0.44336742,escape,pursue,1
62,13.8,3.429,5.7,6.3,50,240,50,30,800,3,3,19.9,3.569,8.3,10.6,50,180,300,0.66,0.1,1.5,0.99,0.99,0,0,11106,574,0.100005597,0,1,47.5,507.8,555.25,790.0775734,150.6445555,0.390927602,0.645587594,escape,pursue,1
66,13.8,3.429,5.7,6.3,50,240,50,30,800,3,3,19.9,3.569,8.3,10.6,50,180,300,0.66,0.1,1.5,0.99,0.99,0,0,4788,574,0.100005597,0,1,34.25,205.15,239.35,276.14806,134.1919222,0.40429763,0.793737943,escape,pursue,1
58,13.8,3.429,5.7,6.3,50,240,50,30,800,3,3,19.9,3.569,8.3,10.6,50,180,300,0.66,0.1,1.5,0.99,0.99,0,0,18000,566,0.100005597,1,0,643.45,256.55,899.95,340.8536669,132.4346078,0.570030136,0.96141567,escape,search,1
60,13.8,3.429,5.7,6.3,50,240,50,30,800,3,3,19.9,3.569,8.3,10.6,50,180,300,0.66,0.1,1.5,0.99,0.99,0,0,18000,579,0.100005597,1,0,655,245,899.95,387.2674813,200.8168482,0.306156826,0.625443201,escape,pursue,1
67,13.8,3.429,5.7,6.3,50,240,50,30,800,3,3,19.9,3.569,8.3,10.6,50,180,300,0.66,0.1,1.5,0.99,0.99,0,0,3294,573,0.100005597,0,1,45.3,119.4,164.65,176.4823143,115.0112295,0.442333396,0.485563773,escape,search,1
70,13.8,3.429,5.7,6.3,50,240,50,30,800,3,3,19.9,3.569,8.3,10.6,50,180,300,0.66,0.1,1.5,0.99,0.99,0,0,4284,576,0.100005597,0,1,165,49.2,214.15,63.91065971,42.00235806,0.351203841,0.543253003,escape,pursue,1
71,13.8,3.429,5.7,6.3,50,240,50,30,800,3,3,19.9,3.569,8.3,10.6,50,180,300,0.66,0.1,1.5,0.99,0.99,0,0,10600,570,0.100005597,0,1,47.25,482.7,529.95,701.3403728,283.4244435,0.432419033,0.770113758,escape,pursue,1
75,13.8,3.429,5.7,6.3,50,240,50,30,800,3,3,19.9,3.569,8.3,10.6,50,180,300,0.66,0.1,1.5,0.99,0.99,0,0,3229,572,0.100005597,0,1,1.25,161.35,161.4,284.8643904,98.39248408,0.286029943,0.748682421,escape,pursue,1
76,13.8,3.429,5.7,6.3,50,240,50,30,800,3,3,19.9,3.569,8.3,10.6,50,180,300,0.66,0.1,1.5,0.99,0.99,0,0,6423,567,0.100005597,0,1,21.8,299.35,321.1,405.439763,187.4416149,0.522927573,0.691410981,escape,pursue,1
65,13.8,3.429,5.7,6.3,50,240,50,30,800,3,3,19.9,3.569,8.3,10.6,50,180,300,0.66,0.1,1.5,0.99,0.99,0,0,18000,578,0.100005597,1,0,0,0,899.95,0,0,0,0,forage,search,0
61,13.8,3.429,5.7,6.3,50,240,50,30,800,3,3,19.9,3.569,8.3,10.6,50,180,300,0.66,0.1,1.5,0.99,0.99,0,0,18000,583,0.100005597,1,0,754.5,145.5,899.95,190.0726684,94.51390407,0.487016229,0.752324925,escape,pursue,1
68,13.8,3.429,5.7,6.3,50,240,50,30,800,3,3,19.9,3.569,8.3,10.6,50,180,300,0.66,0.1,1.5,0.99,0.99,0,0,18000,582,0.100005597,1,0,0,0,899.95,0,0,0,0,forage,search,0
72,13.8,3.429,5.7,6.3,50,240,50,30,800,3,3,19.9,3.569,8.3,10.6,50,180,300,0.66,0.1,1.5,0.99,0.99,0,0,14456,571,0.100005597,0,1,697.75,25.05,722.75,41.60177745,11.90042178,0.456575191,1.155723997,circle,search,1
69,13.8,3.429,5.7,6.3,50,240,50,30,800,3,3,19.9,3.569,8.3,10.6,50,180,300,0.66,0.1,1.5,0.99,0.99,0,0,18000,570,0.100005597,1,0,0,0,899.95,0,0,0,0,forage,search,0
73,13.8,3.429,5.7,6.3,50,240,50,30,800,3,3,19.9,3.569,8.3,10.6,50,180,300,0.66,0.1,1.5,0.99,0.99,0,0,18000,582,0.100005597,1,0,0,0,899.95,0,0,0,0,forage,search,0
74,13.8,3.429,5.7,6.3,50,240,50,30,800,3,3,19.9,3.569,8.3,10.6,50,180,300,0.66,0.1,1.5,0.99,0.99,0,0,18000,569,0.100005597,1,0,0,0,899.95,0,0,0,0,forage,search,0
83,13.8,3.429,5.7,6.3,50,240,50,30,800,3,3,19.9,3.569,8.3,10.6,50,180,300,0.66,0.1,1.5,0.99,0.99,0,0,5925,571,0.100005597,0,1,115.3,181.1,296.2,334.14106,154.3034815,0.268911613,0.550239279,escape,pursue,1
79,13.8,3.429,5.7,6.3,50,240,50,30,800,3,3,19.9,3.569,8.3,10.6,50,180,300,0.66,0.1,1.5,0.99,0.99,0,0,12841,579,0.100005597,0,1,630.25,11.8,642,18.94062546,13.04015726,0.208937382,0.419143568,escape,pursue,1
77,13.8,3.429,5.7,6.3,50,240,50,30,800,3,3,19.9,3.569,8.3,10.6,50,180,300,0.66,0.1,1.5,0.99,0.99,0,0,16621,578,0.100005597,0,1,756.15,74.9,831,118.9797021,61.97387969,0.336207558,0.641347498,escape,pursue,1
82,13.8,3.429,5.7,6.3,50,240,50,30,800,3,3,19.9,3.569,8.3,10.6,50,180,300,0.66,0.1,1.5,0.99,0.99,0,0,17757,573,0.100005597,0,1,482.55,405.25,887.8,599.1358882,283.4406788,0.438997993,0.704579729,escape,pursue,1
78,13.8,3.429,5.7,6.3,50,240,50,30,800,3,3,19.9,3.569,8.3,10.6,50,180,300,0.66,0.1,1.5,0.99,0.99,0,0,18000,574,0.100005597,1,0,0,0,899.95,0,0,0,0,forage,search,0
88,13.8,3.429,5.7,6.3,50,240,50,30,800,3,3,19.9,3.569,8.3,10.6,50,180,300,0.66,0.1,1.5,0.99,0.99,0,0,831,577,0.100005597,0,1,0.05,41.5,41.5,58.79297385,36.21349747,0.61267491,0.47756067,circle,stalk,1
86,13.8,3.429,5.7,6.3,50,240,50,30,800,3,3,19.9,3.569,8.3,10.6,50,180,300,0.66,0.1,1.5,0.99,0.99,0,0,10143,574,0.100005597,0,1,59.8,447.35,507.1,708.4312631,268.8822244,0.381427229,0.68870279,escape,pursue,1
80,13.8,3.429,5.7,6.3,50,240,50,30,800,3,3,19.9,3.569,8.3,10.6,50,180,300,0.66,0.1,1.5,0.99,0.99,0,0,18000,580,0.100005597,1,0,0,0,899.95,0,0,0,0,forage,search,0
81,13.8,3.429,5.7,6.3,50,240,50,30,800,3,3,19.9,3.569,8.3,10.6,50,180,300,0.66,0.1,1.5,0.99,0.99,0,0,18000,576,0.100005597,1,0,891.6,8.4,899.95,6.619782309,2.080041792,2.03163202,0.964449639,circle,stalk,1
92,13.8,3.429,5.7,6.3,50,240,50,30,800,3,3,19.9,3.569,8.3,10.6,50,180,300,0.66,0.1,1.5,0.99,0.99,0,0,5472,566,0.100005597,0,1,54.7,218.9,273.55,313.8553065,147.4342208,0.421992322,0.761614148,escape,pursue,1
87,13.8,3.429,5.7,6.3,50,240,50,30,800,3,3,19.9,3.569,8.3,10.6,50,180,300,0.66,0.1,1.5,0.99,0.99,0,0,13461,576,0.100005597,0,1,313.95,359.05,673,526.3244775,287.3443859,0.393696175,0.632557564,escape,pursue,1
90,13.8,3.429,5.7,6.3,50,240,50,30,800,3,3,19.9,3.569,8.3,10.6,50,180,300,0.66,0.1,1.5,0.99,0.99,0,0,4344,566,0.100005597,0,1,188.1,29.1,217.15,34.88776327,12.84109626,0.938640856,0.888029009,escape,pursue,1
85,13.8,3.429,5.7,6.3,50,240,50,30,800,3,3,19.9,3.569,8.3,10.6,50,180,300,0.66,0.1,1.5,0.99,0.99,0,0,15462,572,0.100005597,0,1,738.15,34.95,773.05,58.47240913,30.17410303,0.262053824,0.599795992,escape,pursue,1
95,13.8,3.429,5.7,6.3,50,240,50,30,800,3,3,19.9,3.569,8.3,10.6,50,180,300,0.66,0.1,1.5,0.99,0.99,0,0,238,570,0.100005597,0,1,0.05,11.85,11.85,18.4730267,15.13501019,0.534373569,0.288919179,escape,pursue,1
84,13.8,3.429,5.7,6.3,50,240,50,30,800,3,3,19.9,3.569,8.3,10.6,50,180,300,0.66,0.1,1.5,0.99,0.99,0,0,18000,560,0.100005597,1,0,0,0,899.95,0,0,0,0,forage,search,0
96,13.8,3.429,5.7,6.3,50,240,50,30,800,3,3,19.9,3.569,8.3,10.6,50,180,300,0.66,0.1,1.5,0.99,0.99,0,0,3019,562,0.100005597,0,1,23.15,127.8,150.9,183.7321277,92.23588806,0.372984214,0.717588237,escape,pursue,1
97,13.8,3.429,5.7,6.3,50,240,50,30,800,3,3,19.9,3.569,8.3,10.6,50,180,300,0.66,0.1,1.5,0.99,0.99,0,0,4874,567,0.100005597,0,1,0.55,243.65,243.65,354.3639471,178.4391116,0.362290215,0.657910461,escape,pursue,1
91,13.8,3.429,5.7,6.3,50,240,50,30,800,3,3,19.9,3.569,8.3,10.6,50,180,300,0.66,0.1,1.5,0.99,0.99,0,0,17376,571,0.100005597,0,1,424.1,444.45,868.75,613.758495,259.5368192,0.408998024,0.855320245,escape,pursue,1
89,13.8,3.429,5.7,6.3,50,240,50,30,800,3,3,19.9,3.569,8.3,10.6,50,180,300,0.66,0.1,1.5,0.99,0.99,0,0,14318,578,0.100005597,0,1,646.85,69,715.85,104.0925344,67.57126883,0.384861729,0.465495819,escape,pursue,1
100,13.8,3.429,5.7,6.3,50,240,50,30,800,3,3,19.9,3.569,8.3,10.6,50,180,300,0.66,0.1,1.5,0.99,0.99,0,0,6240,574,0.100005597,0,1,287.25,24.75,311.95,37.12600532,32.1510705,0.3657655,0.236501732,escape,pursue,1
99,13.8,3.429,5.7,6.3,50,240,50,30,800,3,3,19.9,3.569,8.3,10.6,50,180,300,0.66,0.1,1.5,0.99,0.99,0,0,9429,581,0.100005597,0,1,319.35,152.05,471.4,241.4701684,141.3452128,0.31289618,0.470667151,escape,pursue,1
93,13.8,3.429,5.7,6.3,50,240,50,30,800,3,3,19.9,3.569,8.3,10.6,50,180,300,0.66,0.1,1.5,0.99,0.99,0,0,18000,578,0.100005597,1,0,0,0,899.95,0,0,0,0,forage,search,0
98,13.8,3.429,5.7,6.3,50,240,50,30,800,3,3,19.9,3.569,8.3,10.6,50,180,300,0.66,0.1,1.5,0.99,0.99,0,0,18000,581,0.100005597,1,0,899.95,0,899.95,0,0,0,0,forage,search,1
94,13.8,3.429,5.7,6.3,50,240,50,30,800,3,3,19.9,3.569,8.3,10.6,50,180,300,0.66,0.1,1.5,0.99,0.99,0,0,18000,573,0.100005597,1,0,894.95,0,899.95,0,0,0,0,forage,search,1
